-- phpMyAdmin SQL Dump
-- version 4.9.7
-- https://www.phpmyadmin.net/
--
-- Host: localhost:3306
-- Generation Time: Dec 20, 2022 at 11:14 AM
-- Server version: 5.7.35
-- PHP Version: 7.4.30

SET SQL_MODE = "NO_AUTO_VALUE_ON_ZERO";
SET AUTOCOMMIT = 0;
START TRANSACTION;
SET time_zone = "+00:00";


/*!40101 SET @OLD_CHARACTER_SET_CLIENT=@@CHARACTER_SET_CLIENT */;
/*!40101 SET @OLD_CHARACTER_SET_RESULTS=@@CHARACTER_SET_RESULTS */;
/*!40101 SET @OLD_COLLATION_CONNECTION=@@COLLATION_CONNECTION */;
/*!40101 SET NAMES utf8mb4 */;

--
-- Database: `acodesmu_srms`
--

-- --------------------------------------------------------

--
-- Table structure for table `admin`
--

CREATE TABLE `admin` (
  `id` int(11) NOT NULL,
  `classid` varchar(100) NOT NULL,
  `UserName` varchar(100) NOT NULL,
  `Password` varchar(100) NOT NULL,
  `type` int(1) NOT NULL DEFAULT '1',
  `updationDate` timestamp NOT NULL DEFAULT CURRENT_TIMESTAMP ON UPDATE CURRENT_TIMESTAMP
) ENGINE=InnoDB DEFAULT CHARSET=latin1;

--
-- Dumping data for table `admin`
--

INSERT INTO `admin` (`id`, `classid`, `UserName`, `Password`, `type`, `updationDate`) VALUES
(1, 'adminacodes', '', 'mushacodes@123', 0, '2022-12-19 08:00:09'),
(20, 'PHILEMON', '29', 'philemon', 1, '2022-12-16 11:26:07'),
(21, 'Hussein', '31', 'hu@123', 1, '2022-12-19 08:42:17'),
(22, 'DIDACE', '27', 'didace', 1, '2022-12-19 11:08:56'),
(23, 'BIZIMANA', '33', 'test123', 1, '2022-12-19 11:56:46'),
(24, 'test', '34', 'test123', 1, '2022-12-19 13:27:56'),
(25, 'CLAUDE', '28', '123', 1, '2022-12-19 14:02:54'),
(26, 'BOSCO', '30', 'boss$123', 1, '2022-12-20 06:18:08');

-- --------------------------------------------------------

--
-- Table structure for table `message`
--

CREATE TABLE `message` (
  `id` int(11) NOT NULL,
  `classid` varchar(100) NOT NULL,
  `ongoing` varchar(100) NOT NULL,
  `SubjectName` varchar(255) NOT NULL,
  `SubjectCode` varchar(255) NOT NULL,
  `type` varchar(10000) NOT NULL,
  `Creationdate` timestamp NOT NULL DEFAULT CURRENT_TIMESTAMP,
  `UpdationDate` timestamp NOT NULL DEFAULT CURRENT_TIMESTAMP
) ENGINE=InnoDB DEFAULT CHARSET=utf8mb4;

--
-- Dumping data for table `message`
--

INSERT INTO `message` (`id`, `classid`, `ongoing`, `SubjectName`, `SubjectCode`, `type`, `Creationdate`, `UpdationDate`) VALUES
(136, '', '', 'Dieudonne', 'OBJECTIVES OF SARMS', 'Application provide the examination result to the student in a simple way, to reduce the manual errors and convert results system into computerized system. This will permit easy and fast access to student information especially results and student status from a normalized database. When running in a network server, this can guide students during their program in the institution via computerized course registration with wireless devices. The Result Management System is to manage the details of assessment Result and make report,Progress,Student,Course,Exam. It manages all the information about Result, Activity, Exam, Result. . The study aims at developing and implementing a web-based student result management system , replacing the old manually done paper work and to minimize the security issues and the problems it possesses.', '2022-07-03 13:34:09', '2022-07-03 13:34:09');

-- --------------------------------------------------------

--
-- Table structure for table `tblbehavior`
--

CREATE TABLE `tblbehavior` (
  `id` int(255) NOT NULL,
  `StudentId` int(255) NOT NULL,
  `academicYear` int(11) NOT NULL,
  `ClassId` int(255) NOT NULL,
  `SubjectId` int(1) DEFAULT NULL,
  `type` int(1) DEFAULT NULL,
  `term` int(255) NOT NULL,
  `marks` int(255) NOT NULL
) ENGINE=MyISAM DEFAULT CHARSET=latin1;

--
-- Dumping data for table `tblbehavior`
--

INSERT INTO `tblbehavior` (`id`, `StudentId`, `academicYear`, `ClassId`, `SubjectId`, `type`, `term`, `marks`) VALUES
(137, 379, 2022, 34, NULL, 0, 1, 50),
(138, 378, 2022, 34, NULL, 0, 1, 0);

-- --------------------------------------------------------

--
-- Table structure for table `tblclasses`
--

CREATE TABLE `tblclasses` (
  `id` int(11) NOT NULL,
  `classname` varchar(80) NOT NULL,
  `classnamenumeric` varchar(100) NOT NULL,
  `section` varchar(100) NOT NULL,
  `title` varchar(100) NOT NULL,
  `class` varchar(100) NOT NULL,
  `CreationDate` timestamp NOT NULL DEFAULT CURRENT_TIMESTAMP,
  `UpdationDate` timestamp NOT NULL DEFAULT '0000-00-00 00:00:00' ON UPDATE CURRENT_TIMESTAMP
) ENGINE=InnoDB DEFAULT CHARSET=latin1;

--
-- Dumping data for table `tblclasses`
--

INSERT INTO `tblclasses` (`id`, `classname`, `classnamenumeric`, `section`, `title`, `class`, `CreationDate`, `UpdationDate`) VALUES
(27, 'BUSINESS SERVICES', 'ACCOUNTING', '4', 'TVET CERTIFICATE IV IN ACCOUNTING', 'Level 4 ACCOUNTING', '2022-12-04 12:47:11', '2022-12-12 13:19:58'),
(28, 'ICT', 'SOFTWARE DEVELOPMENT', '3', 'TVET CERTIFICATE  III IN SOFTWARE  DEVELOPMENT', 'LEVEL 3 SOFTWARE DEVELOPMENT', '2022-12-12 11:37:50', '0000-00-00 00:00:00'),
(29, 'FINANCE ', 'ACCOUNTING', '5', 'TVET CERTIFICATE V IN ACCOUNTING', 'LEVEL 5 ACCOUNTING', '2022-12-12 11:39:14', '0000-00-00 00:00:00'),
(30, 'ICT', 'SOFTWARE DEVELOPMENT', '4', 'TVET CERTIFICATE IV IN SOFTWARE  DEVELOPMENT', 'LEVEL 4 SOFTWARE DEVELOPMENT', '2022-12-12 11:41:50', '0000-00-00 00:00:00'),
(31, 'ICT', 'SOFTWARE DEVELOPMENT', '5', 'TVET CERTIFICATE V SOFTWARE DEVELOPMENT', 'LEVEL 5 SOFTWARE DEVELOPMENT', '2022-12-12 13:21:42', '0000-00-00 00:00:00'),
(32, 'FINANCE', 'ACCOUNTING', '4', 'CERTIFICATE IV ACCOUNTING', 'LEVEL4ACC', '2022-12-19 11:07:55', '0000-00-00 00:00:00'),
(33, 'ICT', 'SOFTWARE DEVELOPMENT', 'III', 'TVET CERTIFICATE III IN SOFTWARE DEVELOPMENT', 'LEVEL 3 SOFTWARE DEVELOPMENT', '2022-12-19 11:50:07', '0000-00-00 00:00:00'),
(34, 'test', 'test', 'test', 'test', 'test', '2022-12-19 13:27:36', '0000-00-00 00:00:00'),
(35, 'ICT', 'SOFTWARE DEVELOPMENT', '3', 'TVET CERTIFICATE III IN SOFTWARE DEVELOPEMENT', 'LEVEL 3 SOFTWARE DEVELOPMENT', '2022-12-19 14:02:35', '0000-00-00 00:00:00');

-- --------------------------------------------------------

--
-- Table structure for table `tblresult`
--

CREATE TABLE `tblresult` (
  `id` int(11) NOT NULL,
  `StudentId` int(11) DEFAULT NULL,
  `academicYear` int(11) NOT NULL,
  `ClassId` int(11) DEFAULT NULL,
  `SubjectId` int(11) DEFAULT NULL,
  `marks` float DEFAULT '0',
  `term` int(11) NOT NULL,
  `type` varchar(1) DEFAULT NULL,
  `PostingDate` timestamp NULL DEFAULT CURRENT_TIMESTAMP,
  `UpdationDate` timestamp NULL DEFAULT NULL ON UPDATE CURRENT_TIMESTAMP
) ENGINE=InnoDB DEFAULT CHARSET=latin1;

--
-- Dumping data for table `tblresult`
--

INSERT INTO `tblresult` (`id`, `StudentId`, `academicYear`, `ClassId`, `SubjectId`, `marks`, `term`, `type`, `PostingDate`, `UpdationDate`) VALUES
(3068, 244, 2022, 27, 55, 27, 1, '1', '2022-12-19 11:57:41', NULL),
(3069, 245, 2022, 27, 55, 20, 1, '1', '2022-12-19 11:57:41', NULL),
(3070, 246, 2022, 27, 55, 21, 1, '1', '2022-12-19 11:57:41', NULL),
(3071, 247, 2022, 27, 55, 23, 1, '1', '2022-12-19 11:57:41', NULL),
(3072, 248, 2022, 27, 55, 21, 1, '1', '2022-12-19 11:57:41', NULL),
(3073, 249, 2022, 27, 55, 29, 1, '1', '2022-12-19 11:57:41', NULL),
(3074, 250, 2022, 27, 55, 26, 1, '1', '2022-12-19 11:57:41', NULL),
(3075, 251, 2022, 27, 55, 24, 1, '1', '2022-12-19 11:57:41', NULL),
(3076, 252, 2022, 27, 55, 24, 1, '1', '2022-12-19 11:57:41', NULL),
(3077, 253, 2022, 27, 55, 24, 1, '1', '2022-12-19 11:57:41', NULL),
(3078, 254, 2022, 27, 55, 20, 1, '1', '2022-12-19 11:57:41', NULL),
(3079, 255, 2022, 27, 55, 23, 1, '1', '2022-12-19 11:57:41', NULL),
(3080, 256, 2022, 27, 55, 26, 1, '1', '2022-12-19 11:57:41', NULL),
(3081, 257, 2022, 27, 55, 24, 1, '1', '2022-12-19 11:57:41', NULL),
(3082, 258, 2022, 27, 55, 21, 1, '1', '2022-12-19 11:57:41', NULL),
(3083, 259, 2022, 27, 55, 23, 1, '1', '2022-12-19 11:57:41', NULL),
(3084, 260, 2022, 27, 55, 27, 1, '1', '2022-12-19 11:57:41', NULL),
(3085, 261, 2022, 27, 55, 27, 1, '1', '2022-12-19 11:57:41', NULL),
(3086, 262, 2022, 27, 55, 23, 1, '1', '2022-12-19 11:57:41', NULL),
(3087, 263, 2022, 27, 55, 26, 1, '1', '2022-12-19 11:57:41', NULL),
(3088, 264, 2022, 27, 55, 23, 1, '1', '2022-12-19 11:57:41', NULL),
(3089, 265, 2022, 27, 55, 26, 1, '1', '2022-12-19 11:57:41', NULL),
(3090, 266, 2022, 27, 55, 24, 1, '1', '2022-12-19 11:57:41', NULL),
(3091, 267, 2022, 27, 55, 19, 1, '1', '2022-12-19 11:57:41', NULL),
(3092, 268, 2022, 27, 55, 23, 1, '1', '2022-12-19 11:57:41', NULL),
(3093, 270, 2022, 27, 55, 27, 1, '1', '2022-12-19 11:57:41', NULL),
(3094, 244, 2022, 27, 55, 26, 1, '2', '2022-12-19 12:07:36', NULL),
(3095, 245, 2022, 27, 55, 23, 1, '2', '2022-12-19 12:07:36', NULL),
(3096, 246, 2022, 27, 55, 16, 1, '2', '2022-12-19 12:07:36', NULL),
(3097, 247, 2022, 27, 55, 20, 1, '2', '2022-12-19 12:07:36', NULL),
(3098, 248, 2022, 27, 55, 25, 1, '2', '2022-12-19 12:07:36', NULL),
(3099, 249, 2022, 27, 55, 25, 1, '2', '2022-12-19 12:07:36', NULL),
(3100, 250, 2022, 27, 55, 19, 1, '2', '2022-12-19 12:07:36', NULL),
(3101, 251, 2022, 27, 55, 20, 1, '2', '2022-12-19 12:07:36', NULL),
(3102, 252, 2022, 27, 55, 23, 1, '2', '2022-12-19 12:07:36', NULL),
(3103, 253, 2022, 27, 55, 23, 1, '2', '2022-12-19 12:07:36', NULL),
(3104, 254, 2022, 27, 55, 20, 1, '2', '2022-12-19 12:07:36', NULL),
(3105, 255, 2022, 27, 55, 23, 1, '2', '2022-12-19 12:07:36', NULL),
(3106, 256, 2022, 27, 55, 25, 1, '2', '2022-12-19 12:07:36', NULL),
(3107, 257, 2022, 27, 55, 21, 1, '2', '2022-12-19 12:07:36', NULL),
(3108, 258, 2022, 27, 55, 25, 1, '2', '2022-12-19 12:07:36', NULL),
(3109, 259, 2022, 27, 55, 25, 1, '2', '2022-12-19 12:07:36', NULL),
(3110, 260, 2022, 27, 55, 25, 1, '2', '2022-12-19 12:07:36', NULL),
(3111, 261, 2022, 27, 55, 25, 1, '2', '2022-12-19 12:07:36', NULL),
(3112, 262, 2022, 27, 55, 23, 1, '2', '2022-12-19 12:07:36', NULL),
(3113, 263, 2022, 27, 55, 23, 1, '2', '2022-12-19 12:07:36', NULL),
(3114, 264, 2022, 27, 55, 23, 1, '2', '2022-12-19 12:07:36', NULL),
(3115, 265, 2022, 27, 55, 24, 1, '2', '2022-12-19 12:07:36', NULL),
(3116, 266, 2022, 27, 55, 24, 1, '2', '2022-12-19 12:07:36', NULL),
(3117, 267, 2022, 27, 55, 19, 1, '2', '2022-12-19 12:07:36', NULL),
(3118, 268, 2022, 27, 55, 26, 1, '2', '2022-12-19 12:07:36', NULL),
(3119, 270, 2022, 27, 55, 25, 1, '2', '2022-12-19 12:07:36', NULL),
(3121, 378, 2022, 34, 163, 30, 1, '1', '2022-12-19 13:34:29', '2022-12-20 06:10:24'),
(3122, 378, 2022, 34, 163, 20, 1, '1', '2022-12-19 13:55:48', NULL),
(3207, 379, 2022, 34, 163, 299, 1, '2', '2022-12-19 14:21:31', '2022-12-19 14:29:32'),
(3208, 378, 2022, 34, 163, 60, 1, '1', '2022-12-19 14:26:37', NULL),
(3209, 378, 2022, 34, 164, 30, 1, '1', '2022-12-19 14:27:33', '2022-12-19 19:50:02'),
(3336, 132, 2022, 28, 110, 19, 1, '1', '2022-12-19 14:53:29', NULL),
(3337, 133, 2022, 28, 110, 28, 1, '1', '2022-12-19 14:53:29', NULL),
(3338, 134, 2022, 28, 110, 29, 1, '1', '2022-12-19 14:53:29', NULL),
(3339, 135, 2022, 28, 110, 29, 1, '1', '2022-12-19 14:53:29', NULL),
(3340, 136, 2022, 28, 110, 24, 1, '1', '2022-12-19 14:53:29', NULL),
(3341, 137, 2022, 28, 110, 18, 1, '1', '2022-12-19 14:53:29', NULL),
(3342, 138, 2022, 28, 110, 28, 1, '1', '2022-12-19 14:53:29', NULL),
(3343, 139, 2022, 28, 110, 23, 1, '1', '2022-12-19 14:53:29', NULL),
(3344, 140, 2022, 28, 110, 24, 1, '1', '2022-12-19 14:53:29', NULL),
(3345, 141, 2022, 28, 110, 15, 1, '1', '2022-12-19 14:53:29', NULL),
(3346, 142, 2022, 28, 110, 14, 1, '1', '2022-12-19 14:53:29', NULL),
(3347, 143, 2022, 28, 110, 29, 1, '1', '2022-12-19 14:53:29', NULL),
(3348, 144, 2022, 28, 110, 28, 1, '1', '2022-12-19 14:53:29', NULL),
(3349, 145, 2022, 28, 110, 29, 1, '1', '2022-12-19 14:53:29', NULL),
(3350, 146, 2022, 28, 110, 30, 1, '1', '2022-12-19 14:53:29', NULL),
(3351, 147, 2022, 28, 110, 17, 1, '1', '2022-12-19 14:53:29', NULL),
(3352, 148, 2022, 28, 110, 29, 1, '1', '2022-12-19 14:53:29', NULL),
(3353, 149, 2022, 28, 110, 26, 1, '1', '2022-12-19 14:53:29', NULL),
(3354, 150, 2022, 28, 110, 28, 1, '1', '2022-12-19 14:53:29', NULL),
(3355, 151, 2022, 28, 110, 28, 1, '1', '2022-12-19 14:53:29', NULL),
(3356, 152, 2022, 28, 110, 19, 1, '1', '2022-12-19 14:53:29', NULL),
(3357, 153, 2022, 28, 110, 28, 1, '1', '2022-12-19 14:53:29', NULL),
(3358, 154, 2022, 28, 110, 28, 1, '1', '2022-12-19 14:53:29', NULL),
(3359, 155, 2022, 28, 110, 25, 1, '1', '2022-12-19 14:53:29', NULL),
(3360, 156, 2022, 28, 110, 18, 1, '1', '2022-12-19 14:53:29', NULL),
(3361, 157, 2022, 28, 110, 18, 1, '1', '2022-12-19 14:53:29', NULL),
(3362, 158, 2022, 28, 110, 29, 1, '1', '2022-12-19 14:53:29', NULL),
(3363, 159, 2022, 28, 110, 27, 1, '1', '2022-12-19 14:53:29', NULL),
(3364, 160, 2022, 28, 110, 27, 1, '1', '2022-12-19 14:53:29', NULL),
(3365, 161, 2022, 28, 110, 14, 1, '1', '2022-12-19 14:53:29', NULL),
(3366, 162, 2022, 28, 110, 29, 1, '1', '2022-12-19 14:53:29', NULL),
(3367, 163, 2022, 28, 110, 28, 1, '1', '2022-12-19 14:53:29', NULL),
(3368, 164, 2022, 28, 110, 19, 1, '1', '2022-12-19 14:53:29', NULL),
(3369, 165, 2022, 28, 110, 18, 1, '1', '2022-12-19 14:53:29', NULL),
(3370, 166, 2022, 28, 110, 24, 1, '1', '2022-12-19 14:53:29', NULL),
(3371, 167, 2022, 28, 110, 18, 1, '1', '2022-12-19 14:53:29', NULL),
(3372, 168, 2022, 28, 110, 13, 1, '1', '2022-12-19 14:53:29', NULL),
(3373, 169, 2022, 28, 110, 29, 1, '1', '2022-12-19 14:53:29', NULL),
(3374, 170, 2022, 28, 110, 13, 1, '1', '2022-12-19 14:53:29', NULL),
(3375, 171, 2022, 28, 110, 30, 1, '1', '2022-12-19 14:53:29', NULL),
(3376, 172, 2022, 28, 110, 20, 1, '1', '2022-12-19 14:53:29', NULL),
(3377, 173, 2022, 28, 110, 26, 1, '1', '2022-12-19 14:53:29', NULL),
(3378, 132, 2022, 28, 110, 14, 1, '3', '2022-12-19 14:55:07', NULL),
(3379, 133, 2022, 28, 110, 17, 1, '3', '2022-12-19 14:55:07', NULL),
(3380, 134, 2022, 28, 110, 30, 1, '3', '2022-12-19 14:55:07', NULL),
(3381, 135, 2022, 28, 110, 28, 1, '3', '2022-12-19 14:55:07', NULL),
(3382, 136, 2022, 28, 110, 12, 1, '3', '2022-12-19 14:55:07', NULL),
(3383, 137, 2022, 28, 110, 25, 1, '3', '2022-12-19 14:55:07', NULL),
(3384, 138, 2022, 28, 110, 30, 1, '3', '2022-12-19 14:55:07', NULL),
(3385, 139, 2022, 28, 110, 23, 1, '3', '2022-12-19 14:55:07', NULL),
(3386, 140, 2022, 28, 110, 22, 1, '3', '2022-12-19 14:55:07', NULL),
(3387, 141, 2022, 28, 110, 29, 1, '3', '2022-12-19 14:55:07', NULL),
(3388, 142, 2022, 28, 110, 16, 1, '3', '2022-12-19 14:55:07', NULL),
(3389, 143, 2022, 28, 110, 28, 1, '3', '2022-12-19 14:55:07', NULL),
(3390, 144, 2022, 28, 110, 25, 1, '3', '2022-12-19 14:55:07', NULL),
(3391, 145, 2022, 28, 110, 29, 1, '3', '2022-12-19 14:55:07', NULL),
(3392, 146, 2022, 28, 110, 28, 1, '3', '2022-12-19 14:55:07', NULL),
(3393, 147, 2022, 28, 110, 20, 1, '3', '2022-12-19 14:55:07', NULL),
(3394, 148, 2022, 28, 110, 24, 1, '3', '2022-12-19 14:55:07', NULL),
(3395, 149, 2022, 28, 110, 19, 1, '3', '2022-12-19 14:55:07', NULL),
(3396, 150, 2022, 28, 110, 20, 1, '3', '2022-12-19 14:55:07', NULL),
(3397, 151, 2022, 28, 110, 18, 1, '3', '2022-12-19 14:55:07', NULL),
(3398, 152, 2022, 28, 110, 13, 1, '3', '2022-12-19 14:55:07', NULL),
(3399, 153, 2022, 28, 110, 29, 1, '3', '2022-12-19 14:55:07', NULL),
(3400, 154, 2022, 28, 110, 30, 1, '3', '2022-12-19 14:55:07', NULL),
(3401, 155, 2022, 28, 110, 27, 1, '3', '2022-12-19 14:55:07', NULL),
(3402, 157, 2022, 28, 110, 29, 1, '3', '2022-12-19 14:55:07', NULL),
(3403, 158, 2022, 28, 110, 28, 1, '3', '2022-12-19 14:55:07', NULL),
(3404, 159, 2022, 28, 110, 26, 1, '3', '2022-12-19 14:55:07', NULL),
(3405, 160, 2022, 28, 110, 17, 1, '3', '2022-12-19 14:55:07', NULL),
(3406, 161, 2022, 28, 110, 14, 1, '3', '2022-12-19 14:55:07', NULL),
(3407, 162, 2022, 28, 110, 29, 1, '3', '2022-12-19 14:55:07', NULL),
(3408, 163, 2022, 28, 110, 19, 1, '3', '2022-12-19 14:55:07', NULL),
(3409, 164, 2022, 28, 110, 28, 1, '3', '2022-12-19 14:55:07', NULL),
(3410, 165, 2022, 28, 110, 30, 1, '3', '2022-12-19 14:55:07', NULL),
(3411, 166, 2022, 28, 110, 28, 1, '3', '2022-12-19 14:55:07', NULL),
(3412, 167, 2022, 28, 110, 23, 1, '3', '2022-12-19 14:55:07', NULL),
(3413, 168, 2022, 28, 110, 22, 1, '3', '2022-12-19 14:55:07', NULL),
(3414, 169, 2022, 28, 110, 28, 1, '3', '2022-12-19 14:55:07', NULL),
(3415, 170, 2022, 28, 110, 16, 1, '3', '2022-12-19 14:55:07', NULL),
(3416, 171, 2022, 28, 110, 28, 1, '3', '2022-12-19 14:55:07', NULL),
(3417, 172, 2022, 28, 110, 26, 1, '3', '2022-12-19 14:55:07', NULL),
(3418, 173, 2022, 28, 110, 24, 1, '3', '2022-12-19 14:55:07', NULL),
(3419, 156, 2022, 28, 110, 18, 1, '3', '2022-12-19 14:57:48', NULL),
(3420, 132, 2022, 28, 120, 108, 1, '1', '2022-12-19 15:02:24', NULL),
(3421, 133, 2022, 28, 120, 84, 1, '1', '2022-12-19 15:02:24', NULL),
(3422, 134, 2022, 28, 120, 112, 1, '1', '2022-12-19 15:02:24', NULL),
(3423, 135, 2022, 28, 120, 112, 1, '1', '2022-12-19 15:02:24', NULL),
(3424, 136, 2022, 28, 120, 92, 1, '1', '2022-12-19 15:02:24', NULL),
(3425, 137, 2022, 28, 120, 36, 1, '1', '2022-12-19 15:02:24', NULL),
(3426, 138, 2022, 28, 120, 116, 1, '1', '2022-12-19 15:02:24', NULL),
(3427, 139, 2022, 28, 120, 76, 1, '1', '2022-12-19 15:02:24', NULL),
(3428, 140, 2022, 28, 120, 108, 1, '1', '2022-12-19 15:02:24', NULL),
(3429, 141, 2022, 28, 120, 88, 1, '1', '2022-12-19 15:02:24', NULL),
(3430, 142, 2022, 28, 120, 92, 1, '1', '2022-12-19 15:02:24', NULL),
(3431, 143, 2022, 28, 120, 100, 1, '1', '2022-12-19 15:02:24', NULL),
(3432, 144, 2022, 28, 120, 84, 1, '1', '2022-12-19 15:02:24', NULL),
(3433, 145, 2022, 28, 120, 120, 1, '1', '2022-12-19 15:02:24', NULL),
(3434, 146, 2022, 28, 120, 64, 1, '1', '2022-12-19 15:02:24', NULL),
(3435, 147, 2022, 28, 120, 76, 1, '1', '2022-12-19 15:02:24', NULL),
(3436, 148, 2022, 28, 120, 108, 1, '1', '2022-12-19 15:02:24', NULL),
(3437, 149, 2022, 28, 120, 100, 1, '1', '2022-12-19 15:02:24', NULL),
(3438, 150, 2022, 28, 120, 100, 1, '1', '2022-12-19 15:02:24', NULL),
(3439, 151, 2022, 28, 120, 112, 1, '1', '2022-12-19 15:02:24', NULL),
(3440, 152, 2022, 28, 120, 104, 1, '1', '2022-12-19 15:02:24', NULL),
(3441, 153, 2022, 28, 120, 96, 1, '1', '2022-12-19 15:02:24', NULL),
(3442, 154, 2022, 28, 120, 120, 1, '1', '2022-12-19 15:02:24', NULL),
(3443, 155, 2022, 28, 120, 96, 1, '1', '2022-12-19 15:02:24', NULL),
(3444, 156, 2022, 28, 120, 108, 1, '1', '2022-12-19 15:02:24', NULL),
(3445, 157, 2022, 28, 120, 108, 1, '1', '2022-12-19 15:02:24', NULL),
(3446, 158, 2022, 28, 120, 100, 1, '1', '2022-12-19 15:02:24', NULL),
(3447, 159, 2022, 28, 120, 108, 1, '1', '2022-12-19 15:02:24', NULL),
(3448, 160, 2022, 28, 120, 104, 1, '1', '2022-12-19 15:02:24', NULL),
(3449, 161, 2022, 28, 120, 88, 1, '1', '2022-12-19 15:02:24', NULL),
(3450, 162, 2022, 28, 120, 120, 1, '1', '2022-12-19 15:02:24', NULL),
(3451, 163, 2022, 28, 120, 72, 1, '1', '2022-12-19 15:02:24', NULL),
(3452, 164, 2022, 28, 120, 108, 1, '1', '2022-12-19 15:02:24', NULL),
(3453, 165, 2022, 28, 120, 100, 1, '1', '2022-12-19 15:02:24', NULL),
(3454, 166, 2022, 28, 120, 96, 1, '1', '2022-12-19 15:02:24', NULL),
(3455, 167, 2022, 28, 120, 84, 1, '1', '2022-12-19 15:02:24', NULL),
(3456, 168, 2022, 28, 120, 92, 1, '1', '2022-12-19 15:02:24', NULL),
(3457, 169, 2022, 28, 120, 40, 1, '1', '2022-12-19 15:02:24', NULL),
(3458, 170, 2022, 28, 120, 108, 1, '1', '2022-12-19 15:02:24', NULL),
(3459, 171, 2022, 28, 120, 104, 1, '1', '2022-12-19 15:02:24', NULL),
(3460, 172, 2022, 28, 120, 108, 1, '1', '2022-12-19 15:02:24', NULL),
(3461, 173, 2022, 28, 120, 100, 1, '1', '2022-12-19 15:02:24', NULL),
(3462, 132, 2022, 28, 120, 55, 1, '3', '2022-12-19 15:04:30', NULL),
(3463, 133, 2022, 28, 120, 79, 1, '3', '2022-12-19 15:04:30', NULL),
(3464, 134, 2022, 28, 120, 106, 1, '3', '2022-12-19 15:04:30', NULL),
(3465, 135, 2022, 28, 120, 103, 1, '3', '2022-12-19 15:04:30', NULL),
(3466, 136, 2022, 28, 120, 50, 1, '3', '2022-12-19 15:04:30', NULL),
(3467, 137, 2022, 28, 120, 46, 1, '3', '2022-12-19 15:04:30', NULL),
(3468, 138, 2022, 28, 120, 79, 1, '3', '2022-12-19 15:04:30', NULL),
(3469, 139, 2022, 28, 120, 62, 1, '3', '2022-12-19 15:04:30', NULL),
(3470, 140, 2022, 28, 120, 67, 1, '3', '2022-12-19 15:04:30', NULL),
(3471, 141, 2022, 28, 120, 94, 1, '3', '2022-12-19 15:04:30', NULL),
(3472, 142, 2022, 28, 120, 65, 1, '3', '2022-12-19 15:04:30', NULL),
(3473, 143, 2022, 28, 120, 43, 1, '3', '2022-12-19 15:04:30', NULL),
(3474, 144, 2022, 28, 120, 89, 1, '3', '2022-12-19 15:04:30', NULL),
(3475, 145, 2022, 28, 120, 106, 1, '3', '2022-12-19 15:04:30', NULL),
(3476, 146, 2022, 28, 120, 65, 1, '3', '2022-12-19 15:04:30', NULL),
(3477, 147, 2022, 28, 120, 41, 1, '3', '2022-12-19 15:04:30', NULL),
(3478, 148, 2022, 28, 120, 74, 1, '3', '2022-12-19 15:04:30', NULL),
(3479, 149, 2022, 28, 120, 55, 1, '3', '2022-12-19 15:04:30', NULL),
(3480, 150, 2022, 28, 120, 48, 1, '3', '2022-12-19 15:04:30', NULL),
(3481, 151, 2022, 28, 120, 70, 1, '3', '2022-12-19 15:04:30', NULL),
(3482, 152, 2022, 28, 120, 53, 1, '3', '2022-12-19 15:04:30', NULL),
(3483, 153, 2022, 28, 120, 79, 1, '3', '2022-12-19 15:04:30', NULL),
(3484, 154, 2022, 28, 120, 70, 1, '3', '2022-12-19 15:04:30', NULL),
(3485, 155, 2022, 28, 120, 106, 1, '3', '2022-12-19 15:04:30', NULL),
(3486, 156, 2022, 28, 120, 72, 1, '3', '2022-12-19 15:04:30', NULL),
(3487, 157, 2022, 28, 120, 120, 1, '3', '2022-12-19 15:04:30', NULL),
(3488, 158, 2022, 28, 120, 89, 1, '3', '2022-12-19 15:04:30', NULL),
(3489, 159, 2022, 28, 120, 74, 1, '3', '2022-12-19 15:04:30', NULL),
(3490, 160, 2022, 28, 120, 67, 1, '3', '2022-12-19 15:04:30', NULL),
(3491, 161, 2022, 28, 120, 91, 1, '3', '2022-12-19 15:04:30', NULL),
(3492, 162, 2022, 28, 120, 115, 1, '3', '2022-12-19 15:04:30', NULL),
(3493, 163, 2022, 28, 120, 96, 1, '3', '2022-12-19 15:04:30', NULL),
(3494, 164, 2022, 28, 120, 60, 1, '3', '2022-12-19 15:04:30', NULL),
(3495, 165, 2022, 28, 120, 96, 1, '3', '2022-12-19 15:04:30', NULL),
(3496, 166, 2022, 28, 120, 38, 1, '3', '2022-12-19 15:04:30', NULL),
(3497, 167, 2022, 28, 120, 60, 1, '3', '2022-12-19 15:04:30', NULL),
(3498, 168, 2022, 28, 120, 41, 1, '3', '2022-12-19 15:04:30', NULL),
(3499, 169, 2022, 28, 120, 82, 1, '3', '2022-12-19 15:04:30', NULL),
(3500, 170, 2022, 28, 120, 48, 1, '3', '2022-12-19 15:04:30', NULL),
(3501, 171, 2022, 28, 120, 86, 1, '3', '2022-12-19 15:04:30', NULL),
(3502, 172, 2022, 28, 120, 89, 1, '3', '2022-12-19 15:04:30', NULL),
(3503, 173, 2022, 28, 120, 89, 1, '3', '2022-12-19 15:04:30', NULL),
(3504, 132, 2022, 28, 123, 26, 1, '1', '2022-12-19 15:06:20', NULL),
(3505, 133, 2022, 28, 123, 20, 1, '1', '2022-12-19 15:06:20', NULL),
(3506, 134, 2022, 28, 123, 44, 1, '1', '2022-12-19 15:06:20', NULL),
(3507, 135, 2022, 28, 123, 34, 1, '1', '2022-12-19 15:06:20', NULL),
(3508, 136, 2022, 28, 123, 32, 1, '1', '2022-12-19 15:06:20', NULL),
(3509, 137, 2022, 28, 123, 42, 1, '1', '2022-12-19 15:06:20', NULL),
(3510, 138, 2022, 28, 123, 54, 1, '1', '2022-12-19 15:06:20', NULL),
(3511, 139, 2022, 28, 123, 20, 1, '1', '2022-12-19 15:06:20', NULL),
(3512, 140, 2022, 28, 123, 46, 1, '1', '2022-12-19 15:06:20', NULL),
(3513, 141, 2022, 28, 123, 42, 1, '1', '2022-12-19 15:06:20', NULL),
(3514, 142, 2022, 28, 123, 12, 1, '1', '2022-12-19 15:06:20', NULL),
(3515, 143, 2022, 28, 123, 30, 1, '1', '2022-12-19 15:06:20', NULL),
(3516, 144, 2022, 28, 123, 42, 1, '1', '2022-12-19 15:06:20', NULL),
(3517, 145, 2022, 28, 123, 50, 1, '1', '2022-12-19 15:06:20', NULL),
(3518, 146, 2022, 28, 123, 48, 1, '1', '2022-12-19 15:06:20', NULL),
(3519, 147, 2022, 28, 123, 50, 1, '1', '2022-12-19 15:06:20', NULL),
(3520, 148, 2022, 28, 123, 50, 1, '1', '2022-12-19 15:06:20', NULL),
(3521, 149, 2022, 28, 123, 48, 1, '1', '2022-12-19 15:06:20', NULL),
(3522, 150, 2022, 28, 123, 40, 1, '1', '2022-12-19 15:06:20', NULL),
(3523, 151, 2022, 28, 123, 38, 1, '1', '2022-12-19 15:06:20', NULL),
(3524, 152, 2022, 28, 123, 32, 1, '1', '2022-12-19 15:06:20', NULL),
(3525, 153, 2022, 28, 123, 50, 1, '1', '2022-12-19 15:06:20', NULL),
(3526, 154, 2022, 28, 123, 42, 1, '1', '2022-12-19 15:06:20', NULL),
(3527, 155, 2022, 28, 123, 50, 1, '1', '2022-12-19 15:06:20', NULL),
(3528, 156, 2022, 28, 123, 60, 1, '1', '2022-12-19 15:06:20', NULL),
(3529, 157, 2022, 28, 123, 38, 1, '1', '2022-12-19 15:06:20', NULL),
(3530, 158, 2022, 28, 123, 42, 1, '1', '2022-12-19 15:06:20', NULL),
(3531, 159, 2022, 28, 123, 52, 1, '1', '2022-12-19 15:06:20', NULL),
(3532, 160, 2022, 28, 123, 20, 1, '1', '2022-12-19 15:06:20', NULL),
(3533, 161, 2022, 28, 123, 48, 1, '1', '2022-12-19 15:06:20', NULL),
(3534, 162, 2022, 28, 123, 56, 1, '1', '2022-12-19 15:06:20', NULL),
(3535, 163, 2022, 28, 123, 34, 1, '1', '2022-12-19 15:06:20', NULL),
(3536, 164, 2022, 28, 123, 42, 1, '1', '2022-12-19 15:06:20', NULL),
(3537, 165, 2022, 28, 123, 42, 1, '1', '2022-12-19 15:06:20', NULL),
(3538, 166, 2022, 28, 123, 36, 1, '1', '2022-12-19 15:06:20', NULL),
(3539, 167, 2022, 28, 123, 50, 1, '1', '2022-12-19 15:06:20', NULL),
(3540, 168, 2022, 28, 123, 36, 1, '1', '2022-12-19 15:06:20', NULL),
(3541, 169, 2022, 28, 123, 44, 1, '1', '2022-12-19 15:06:20', NULL),
(3542, 170, 2022, 28, 123, 44, 1, '1', '2022-12-19 15:06:20', NULL),
(3543, 171, 2022, 28, 123, 44, 1, '1', '2022-12-19 15:06:20', NULL),
(3544, 172, 2022, 28, 123, 38, 1, '1', '2022-12-19 15:06:20', NULL),
(3545, 173, 2022, 28, 123, 48, 1, '1', '2022-12-19 15:06:20', NULL),
(3546, 132, 2022, 28, 123, 34, 1, '3', '2022-12-19 15:12:07', NULL),
(3547, 133, 2022, 28, 123, 14, 1, '3', '2022-12-19 15:12:07', NULL),
(3548, 134, 2022, 28, 123, 39, 1, '3', '2022-12-19 15:12:07', NULL),
(3549, 135, 2022, 28, 123, 37, 1, '3', '2022-12-19 15:12:07', NULL),
(3550, 136, 2022, 28, 123, 19, 1, '3', '2022-12-19 15:12:07', NULL),
(3551, 137, 2022, 28, 123, 0, 1, '3', '2022-12-19 15:12:07', NULL),
(3552, 138, 2022, 28, 123, 43, 1, '3', '2022-12-19 15:12:07', NULL),
(3553, 139, 2022, 28, 123, 21, 1, '3', '2022-12-19 15:12:07', NULL),
(3554, 140, 2022, 28, 123, 24, 1, '3', '2022-12-19 15:12:07', NULL),
(3555, 141, 2022, 28, 123, 29, 1, '3', '2022-12-19 15:12:07', NULL),
(3556, 142, 2022, 28, 123, 12, 1, '3', '2022-12-19 15:12:07', NULL),
(3557, 143, 2022, 28, 123, 18, 1, '3', '2022-12-19 15:12:07', NULL),
(3558, 144, 2022, 28, 123, 31, 1, '3', '2022-12-19 15:12:07', NULL),
(3559, 145, 2022, 28, 123, 51, 1, '3', '2022-12-19 15:12:07', NULL),
(3560, 146, 2022, 28, 123, 36, 1, '3', '2022-12-19 15:12:07', NULL),
(3561, 147, 2022, 28, 123, 18, 1, '3', '2022-12-19 15:12:07', NULL),
(3562, 148, 2022, 28, 123, 46, 1, '3', '2022-12-19 15:12:07', NULL),
(3563, 149, 2022, 28, 123, 30, 1, '3', '2022-12-19 15:12:07', NULL),
(3564, 150, 2022, 28, 123, 27, 1, '3', '2022-12-19 15:12:07', NULL),
(3565, 151, 2022, 28, 123, 19, 1, '3', '2022-12-19 15:12:07', NULL),
(3566, 152, 2022, 28, 123, 19, 1, '3', '2022-12-19 15:12:07', NULL),
(3567, 153, 2022, 28, 123, 29, 1, '3', '2022-12-19 15:12:07', NULL),
(3568, 154, 2022, 28, 123, 34, 1, '3', '2022-12-19 15:12:07', NULL),
(3569, 155, 2022, 28, 123, 49, 1, '3', '2022-12-19 15:12:07', NULL),
(3570, 156, 2022, 28, 123, 49, 1, '3', '2022-12-19 15:12:07', NULL),
(3571, 157, 2022, 28, 123, 23, 1, '3', '2022-12-19 15:12:07', NULL),
(3572, 158, 2022, 28, 123, 16, 1, '3', '2022-12-19 15:12:07', NULL),
(3573, 159, 2022, 28, 123, 23, 1, '3', '2022-12-19 15:12:07', NULL),
(3574, 160, 2022, 28, 123, 24, 1, '3', '2022-12-19 15:12:07', NULL),
(3575, 161, 2022, 28, 123, 7, 1, '3', '2022-12-19 15:12:07', NULL),
(3576, 162, 2022, 28, 123, 45, 1, '3', '2022-12-19 15:12:07', NULL),
(3577, 163, 2022, 28, 123, 22, 1, '3', '2022-12-19 15:12:07', NULL),
(3578, 164, 2022, 28, 123, 21, 1, '3', '2022-12-19 15:12:07', NULL),
(3579, 165, 2022, 28, 123, 31, 1, '3', '2022-12-19 15:12:07', NULL),
(3580, 166, 2022, 28, 123, 24, 1, '3', '2022-12-19 15:12:07', NULL),
(3581, 167, 2022, 28, 123, 37, 1, '3', '2022-12-19 15:12:07', NULL),
(3582, 168, 2022, 28, 123, 14, 1, '3', '2022-12-19 15:12:07', NULL),
(3583, 169, 2022, 28, 123, 0, 1, '3', '2022-12-19 15:12:07', NULL),
(3584, 170, 2022, 28, 123, 21, 1, '3', '2022-12-19 15:12:07', NULL),
(3585, 171, 2022, 28, 123, 16, 1, '3', '2022-12-19 15:12:07', NULL),
(3586, 172, 2022, 28, 123, 38, 1, '3', '2022-12-19 15:12:07', NULL),
(3587, 173, 2022, 28, 123, 39, 1, '3', '2022-12-19 15:12:07', NULL),
(3588, 132, 2022, 28, 122, 46, 1, '1', '2022-12-19 15:16:26', NULL),
(3589, 133, 2022, 28, 122, 42, 1, '1', '2022-12-19 15:16:26', NULL),
(3590, 134, 2022, 28, 122, 18, 1, '1', '2022-12-19 15:16:26', NULL),
(3591, 135, 2022, 28, 122, 50, 1, '1', '2022-12-19 15:16:26', NULL),
(3592, 136, 2022, 28, 122, 18, 1, '1', '2022-12-19 15:16:26', NULL),
(3593, 137, 2022, 28, 122, 46, 1, '1', '2022-12-19 15:16:26', NULL),
(3594, 138, 2022, 28, 122, 46, 1, '1', '2022-12-19 15:16:26', NULL),
(3595, 139, 2022, 28, 122, 40, 1, '1', '2022-12-19 15:16:26', NULL),
(3596, 140, 2022, 28, 122, 46, 1, '1', '2022-12-19 15:16:26', NULL),
(3597, 141, 2022, 28, 122, 50, 1, '1', '2022-12-19 15:16:26', NULL),
(3598, 142, 2022, 28, 122, 44, 1, '1', '2022-12-19 15:16:26', NULL),
(3599, 143, 2022, 28, 122, 42, 1, '1', '2022-12-19 15:16:26', NULL),
(3600, 144, 2022, 28, 122, 46, 1, '1', '2022-12-19 15:16:26', NULL),
(3601, 145, 2022, 28, 122, 49, 1, '1', '2022-12-19 15:16:26', '2022-12-20 07:27:44'),
(3602, 146, 2022, 28, 122, 1846, 1, '1', '2022-12-19 15:16:26', NULL),
(3603, 147, 2022, 28, 122, 48, 1, '1', '2022-12-19 15:16:26', NULL),
(3604, 148, 2022, 28, 122, 44, 1, '1', '2022-12-19 15:16:26', NULL),
(3605, 149, 2022, 28, 122, 38, 1, '1', '2022-12-19 15:16:26', NULL),
(3606, 150, 2022, 28, 122, 38, 1, '1', '2022-12-19 15:16:26', NULL),
(3607, 151, 2022, 28, 122, 38, 1, '1', '2022-12-19 15:16:26', NULL),
(3608, 152, 2022, 28, 122, 34, 1, '1', '2022-12-19 15:16:26', NULL),
(3609, 153, 2022, 28, 122, 46, 1, '1', '2022-12-19 15:16:26', NULL),
(3610, 154, 2022, 28, 122, 42, 1, '1', '2022-12-19 15:16:26', NULL),
(3611, 155, 2022, 28, 122, 46, 1, '1', '2022-12-19 15:16:26', NULL),
(3612, 156, 2022, 28, 122, 50, 1, '1', '2022-12-19 15:16:26', NULL),
(3613, 157, 2022, 28, 122, 42, 1, '1', '2022-12-19 15:16:26', NULL),
(3614, 158, 2022, 28, 122, 42, 1, '1', '2022-12-19 15:16:26', NULL),
(3615, 159, 2022, 28, 122, 38, 1, '1', '2022-12-19 15:16:26', NULL),
(3616, 160, 2022, 28, 122, 48, 1, '1', '2022-12-19 15:16:26', NULL),
(3617, 161, 2022, 28, 122, 16, 1, '1', '2022-12-19 15:16:26', NULL),
(3618, 162, 2022, 28, 122, 48, 1, '1', '2022-12-19 15:16:26', NULL),
(3619, 163, 2022, 28, 122, 46, 1, '1', '2022-12-19 15:16:26', NULL),
(3620, 164, 2022, 28, 122, 44, 1, '1', '2022-12-19 15:16:26', NULL),
(3621, 165, 2022, 28, 122, 46, 1, '1', '2022-12-19 15:16:26', NULL),
(3622, 166, 2022, 28, 122, 40, 1, '1', '2022-12-19 15:16:26', NULL),
(3623, 167, 2022, 28, 122, 48, 1, '1', '2022-12-19 15:16:26', NULL),
(3624, 168, 2022, 28, 122, 32, 1, '1', '2022-12-19 15:16:26', NULL),
(3625, 169, 2022, 28, 122, 50, 1, '1', '2022-12-19 15:16:26', NULL),
(3626, 170, 2022, 28, 122, 42, 1, '1', '2022-12-19 15:16:26', NULL),
(3627, 171, 2022, 28, 122, 18, 1, '1', '2022-12-19 15:16:26', NULL),
(3628, 172, 2022, 28, 122, 52, 1, '1', '2022-12-19 15:16:26', NULL),
(3629, 173, 2022, 28, 122, 48, 1, '1', '2022-12-19 15:16:26', NULL),
(3630, 132, 2022, 28, 122, 42, 1, '3', '2022-12-19 15:19:55', NULL),
(3631, 133, 2022, 28, 122, 26, 1, '3', '2022-12-19 15:19:55', NULL),
(3632, 134, 2022, 28, 122, 40, 1, '3', '2022-12-19 15:19:55', NULL),
(3633, 135, 2022, 28, 122, 44, 1, '3', '2022-12-19 15:19:55', NULL),
(3634, 136, 2022, 28, 122, 37, 1, '3', '2022-12-19 15:19:55', NULL),
(3635, 137, 2022, 28, 122, 0, 1, '3', '2022-12-19 15:19:55', NULL),
(3636, 138, 2022, 28, 122, 40, 1, '3', '2022-12-19 15:19:55', NULL),
(3637, 139, 2022, 28, 122, 29, 1, '3', '2022-12-19 15:19:55', NULL),
(3638, 140, 2022, 28, 122, 30, 1, '3', '2022-12-19 15:19:55', NULL),
(3639, 141, 2022, 28, 122, 35, 1, '3', '2022-12-19 15:19:55', NULL),
(3640, 142, 2022, 28, 122, 29, 1, '3', '2022-12-19 15:19:55', NULL),
(3641, 143, 2022, 28, 122, 36, 1, '3', '2022-12-19 15:19:55', NULL),
(3642, 144, 2022, 28, 122, 40, 1, '3', '2022-12-19 15:19:55', NULL),
(3643, 145, 2022, 28, 122, 48, 1, '3', '2022-12-19 15:19:55', NULL),
(3644, 146, 2022, 28, 122, 27, 1, '3', '2022-12-19 15:19:55', NULL),
(3645, 147, 2022, 28, 122, 34, 1, '3', '2022-12-19 15:19:55', NULL),
(3646, 148, 2022, 28, 122, 40, 1, '3', '2022-12-19 15:19:55', NULL),
(3647, 149, 2022, 28, 122, 32, 1, '3', '2022-12-19 15:19:55', NULL),
(3648, 150, 2022, 28, 122, 32, 1, '3', '2022-12-19 15:19:55', NULL),
(3649, 151, 2022, 28, 122, 19, 1, '3', '2022-12-19 15:19:55', NULL),
(3650, 152, 2022, 28, 122, 24, 1, '3', '2022-12-19 15:19:55', NULL),
(3651, 153, 2022, 28, 122, 39, 1, '3', '2022-12-19 15:19:55', NULL),
(3652, 154, 2022, 28, 122, 37, 1, '3', '2022-12-19 15:19:55', NULL),
(3653, 155, 2022, 28, 122, 46, 1, '3', '2022-12-19 15:19:55', NULL),
(3654, 156, 2022, 28, 122, 39, 1, '3', '2022-12-19 15:19:55', NULL),
(3655, 157, 2022, 28, 122, 32, 1, '3', '2022-12-19 15:19:55', NULL),
(3656, 158, 2022, 28, 122, 30, 1, '3', '2022-12-19 15:19:55', NULL),
(3657, 159, 2022, 28, 122, 37, 1, '3', '2022-12-19 15:19:55', NULL),
(3658, 160, 2022, 28, 122, 23, 1, '3', '2022-12-19 15:19:55', NULL),
(3659, 161, 2022, 28, 122, 21, 1, '3', '2022-12-19 15:19:55', NULL),
(3660, 162, 2022, 28, 122, 36, 1, '3', '2022-12-19 15:19:55', NULL),
(3661, 163, 2022, 28, 122, 32, 1, '3', '2022-12-19 15:19:55', NULL),
(3662, 164, 2022, 28, 122, 26, 1, '3', '2022-12-19 15:19:55', NULL),
(3663, 165, 2022, 28, 122, 27, 1, '3', '2022-12-19 15:19:55', NULL),
(3664, 166, 2022, 28, 122, 16, 1, '3', '2022-12-19 15:19:55', NULL),
(3665, 167, 2022, 28, 122, 40, 1, '3', '2022-12-19 15:19:55', NULL),
(3666, 168, 2022, 28, 122, 18, 1, '3', '2022-12-19 15:19:55', NULL),
(3667, 169, 2022, 28, 122, 41, 1, '3', '2022-12-19 15:19:55', NULL),
(3668, 170, 2022, 28, 122, 35, 1, '3', '2022-12-19 15:19:55', NULL),
(3669, 171, 2022, 28, 122, 39, 1, '3', '2022-12-19 15:19:55', NULL),
(3670, 172, 2022, 28, 122, 46, 1, '3', '2022-12-19 15:19:55', NULL),
(3671, 173, 2022, 28, 122, 35, 1, '3', '2022-12-19 15:19:55', NULL),
(3672, 378, 2022, 34, 163, 120, 2, '1', '2022-12-19 15:39:21', '2022-12-19 16:34:19'),
(3673, 379, 2022, 34, 163, 50, 2, '1', '2022-12-19 15:39:21', NULL),
(3674, 378, 2022, 34, 163, 100, 2, '2', '2022-12-19 15:39:41', NULL),
(3675, 379, 2022, 34, 163, 50, 2, '2', '2022-12-19 15:39:41', NULL),
(3676, 378, 2022, 34, 163, 100, 2, '2', '2022-12-19 15:39:41', NULL),
(3677, 379, 2022, 34, 163, 50, 2, '2', '2022-12-19 15:39:41', NULL),
(3678, 378, 2022, 34, 163, 100, 2, '2', '2022-12-19 15:40:34', NULL),
(3679, 379, 2022, 34, 163, 50, 2, '2', '2022-12-19 15:40:34', NULL),
(3680, 378, 2022, 34, 163, 100, 2, '3', '2022-12-19 15:41:14', NULL),
(3681, 379, 2022, 34, 163, 50, 2, '3', '2022-12-19 15:41:14', NULL),
(3682, 378, 2022, 34, 163, 100, 2, '2', '2022-12-19 15:41:45', NULL),
(3683, 379, 2022, 34, 163, 50, 2, '2', '2022-12-19 15:41:45', NULL),
(3684, 378, 2022, 34, 164, 50, 2, '1', '2022-12-19 16:12:08', NULL),
(3685, 379, 2022, 34, 164, 50, 2, '1', '2022-12-19 16:12:08', NULL),
(3686, 378, 2022, 34, 164, 50, 2, '3', '2022-12-19 16:12:48', NULL),
(3687, 379, 2022, 34, 164, 50, 2, '3', '2022-12-19 16:12:48', NULL),
(3688, 378, 2022, 34, 101, 50, 1, '1', '2022-12-19 19:45:43', '2022-12-20 06:10:24'),
(3689, 379, 2022, 34, 101, 50, 1, '1', '2022-12-19 19:45:59', NULL),
(3690, 378, 2022, 34, 101, 50, 1, '2', '2022-12-19 19:46:12', '2022-12-20 06:10:24'),
(3691, 378, 2022, 34, 101, 50, 1, '3', '2022-12-19 19:46:23', '2022-12-20 06:10:24'),
(3692, 378, 2022, 34, 163, 30, 1, '3', '2022-12-19 19:51:00', '2022-12-20 06:10:24'),
(3693, 378, 2022, 34, 164, 30, 1, '3', '2022-12-19 19:51:15', NULL),
(3694, 378, 2022, 34, 60, 40, 1, '1', '2022-12-20 01:44:05', '2022-12-20 06:10:24'),
(3695, 378, 2022, 34, 60, 40, 1, '3', '2022-12-20 01:44:20', '2022-12-20 06:10:24'),
(3696, 132, 2022, 28, 124, 21, 1, '1', '2022-12-20 05:23:49', '2022-12-20 06:48:53'),
(3697, 133, 2022, 28, 124, 27, 1, '1', '2022-12-20 05:23:49', NULL),
(3698, 134, 2022, 28, 124, 28, 1, '1', '2022-12-20 05:23:49', NULL),
(3699, 135, 2022, 28, 124, 28, 1, '1', '2022-12-20 05:23:49', NULL),
(3700, 136, 2022, 28, 124, 22, 1, '1', '2022-12-20 05:23:49', NULL),
(3701, 137, 2022, 28, 124, 26, 1, '1', '2022-12-20 05:23:49', NULL),
(3702, 138, 2022, 28, 124, 26, 1, '1', '2022-12-20 05:23:49', NULL),
(3703, 139, 2022, 28, 124, 28, 1, '1', '2022-12-20 05:23:49', NULL),
(3704, 140, 2022, 28, 124, 18, 1, '1', '2022-12-20 05:23:49', NULL),
(3705, 141, 2022, 28, 124, 22, 1, '1', '2022-12-20 05:23:49', NULL),
(3706, 142, 2022, 28, 124, 23, 1, '1', '2022-12-20 05:23:49', NULL),
(3707, 143, 2022, 28, 124, 28, 1, '1', '2022-12-20 05:23:49', NULL),
(3708, 144, 2022, 28, 124, 23, 1, '1', '2022-12-20 05:23:49', NULL),
(3709, 145, 2022, 28, 124, 28, 1, '1', '2022-12-20 05:23:49', NULL),
(3710, 146, 2022, 28, 124, 22, 1, '1', '2022-12-20 05:23:49', NULL),
(3711, 147, 2022, 28, 124, 26, 1, '1', '2022-12-20 05:23:49', NULL),
(3712, 148, 2022, 28, 124, 28, 1, '1', '2022-12-20 05:23:49', NULL),
(3713, 149, 2022, 28, 124, 20, 1, '1', '2022-12-20 05:23:49', NULL),
(3714, 150, 2022, 28, 124, 27, 1, '1', '2022-12-20 05:23:49', NULL),
(3715, 151, 2022, 28, 124, 23, 1, '1', '2022-12-20 05:23:49', NULL),
(3716, 152, 2022, 28, 124, 18, 1, '1', '2022-12-20 05:23:49', NULL),
(3717, 153, 2022, 28, 124, 28, 1, '1', '2022-12-20 05:23:49', NULL),
(3718, 154, 2022, 28, 124, 24, 1, '1', '2022-12-20 05:23:49', NULL),
(3719, 155, 2022, 28, 124, 28, 1, '1', '2022-12-20 05:23:49', NULL),
(3720, 156, 2022, 28, 124, 28, 1, '1', '2022-12-20 05:23:49', NULL),
(3721, 157, 2022, 28, 124, 27, 1, '1', '2022-12-20 05:23:49', NULL),
(3722, 158, 2022, 28, 124, 26, 1, '1', '2022-12-20 05:23:49', NULL),
(3723, 159, 2022, 28, 124, 28, 1, '1', '2022-12-20 05:23:49', NULL),
(3724, 160, 2022, 28, 124, 25, 1, '1', '2022-12-20 05:23:49', NULL),
(3725, 161, 2022, 28, 124, 21, 1, '1', '2022-12-20 05:23:49', NULL),
(3726, 162, 2022, 28, 124, 25, 1, '1', '2022-12-20 05:23:49', NULL),
(3727, 163, 2022, 28, 124, 23, 1, '1', '2022-12-20 05:23:49', NULL),
(3728, 164, 2022, 28, 124, 24, 1, '1', '2022-12-20 05:23:49', NULL),
(3729, 165, 2022, 28, 124, 27, 1, '1', '2022-12-20 05:23:49', NULL),
(3730, 166, 2022, 28, 124, 26, 1, '1', '2022-12-20 05:23:49', NULL),
(3731, 167, 2022, 28, 124, 27, 1, '1', '2022-12-20 05:23:49', NULL),
(3732, 168, 2022, 28, 124, 20, 1, '1', '2022-12-20 05:23:49', NULL),
(3733, 169, 2022, 28, 124, 21, 1, '1', '2022-12-20 05:23:49', NULL),
(3734, 170, 2022, 28, 124, 20, 1, '1', '2022-12-20 05:23:49', NULL),
(3735, 171, 2022, 28, 124, 22, 1, '1', '2022-12-20 05:23:49', NULL),
(3736, 172, 2022, 28, 124, 26, 1, '1', '2022-12-20 05:23:49', NULL),
(3737, 173, 2022, 28, 124, 20, 1, '1', '2022-12-20 05:23:49', NULL),
(3738, 132, 2022, 28, 124, 19, 1, '3', '2022-12-20 05:26:42', '2022-12-20 06:49:06'),
(3739, 133, 2022, 28, 124, 25, 1, '3', '2022-12-20 05:26:42', NULL),
(3740, 134, 2022, 28, 124, 26, 1, '3', '2022-12-20 05:26:42', NULL),
(3741, 135, 2022, 28, 124, 28, 1, '3', '2022-12-20 05:26:42', NULL),
(3742, 136, 2022, 28, 124, 20, 1, '3', '2022-12-20 05:26:42', NULL),
(3743, 137, 2022, 28, 124, 24, 1, '3', '2022-12-20 05:26:42', NULL),
(3744, 138, 2022, 28, 124, 24, 1, '3', '2022-12-20 05:26:42', NULL),
(3745, 139, 2022, 28, 124, 26, 1, '3', '2022-12-20 05:26:42', NULL),
(3746, 140, 2022, 28, 124, 16, 1, '3', '2022-12-20 05:26:42', NULL),
(3747, 141, 2022, 28, 124, 20, 1, '3', '2022-12-20 05:26:42', NULL),
(3748, 142, 2022, 28, 124, 21, 1, '3', '2022-12-20 05:26:42', NULL),
(3749, 143, 2022, 28, 124, 26, 1, '3', '2022-12-20 05:26:42', NULL),
(3750, 144, 2022, 28, 124, 21, 1, '3', '2022-12-20 05:26:42', NULL),
(3751, 145, 2022, 28, 124, 27, 1, '3', '2022-12-20 05:26:42', NULL),
(3752, 146, 2022, 28, 124, 20, 1, '3', '2022-12-20 05:26:42', NULL),
(3753, 147, 2022, 28, 124, 24, 1, '3', '2022-12-20 05:26:42', NULL),
(3754, 148, 2022, 28, 124, 26, 1, '3', '2022-12-20 05:26:42', NULL),
(3755, 149, 2022, 28, 124, 18, 1, '3', '2022-12-20 05:26:42', NULL),
(3756, 150, 2022, 28, 124, 25, 1, '3', '2022-12-20 05:26:42', NULL),
(3757, 151, 2022, 28, 124, 21, 1, '3', '2022-12-20 05:26:42', NULL),
(3758, 152, 2022, 28, 124, 15, 1, '3', '2022-12-20 05:26:42', NULL),
(3759, 153, 2022, 28, 124, 27, 1, '3', '2022-12-20 05:26:42', NULL),
(3760, 154, 2022, 28, 124, 23, 1, '3', '2022-12-20 05:26:42', NULL),
(3761, 155, 2022, 28, 124, 26, 1, '3', '2022-12-20 05:26:42', NULL),
(3762, 156, 2022, 28, 124, 27, 1, '3', '2022-12-20 05:26:42', NULL),
(3763, 157, 2022, 28, 124, 29, 1, '3', '2022-12-20 05:26:42', NULL),
(3764, 158, 2022, 28, 124, 24, 1, '3', '2022-12-20 05:26:42', NULL),
(3765, 159, 2022, 28, 124, 26, 1, '3', '2022-12-20 05:26:42', NULL),
(3766, 160, 2022, 28, 124, 23, 1, '3', '2022-12-20 05:26:42', NULL),
(3767, 161, 2022, 28, 124, 19, 1, '3', '2022-12-20 05:26:42', NULL),
(3768, 162, 2022, 28, 124, 23, 1, '3', '2022-12-20 05:26:42', NULL),
(3769, 163, 2022, 28, 124, 21, 1, '3', '2022-12-20 05:26:42', NULL),
(3770, 164, 2022, 28, 124, 22, 1, '3', '2022-12-20 05:26:42', NULL),
(3771, 165, 2022, 28, 124, 25, 1, '3', '2022-12-20 05:26:42', NULL),
(3772, 166, 2022, 28, 124, 24, 1, '3', '2022-12-20 05:26:42', NULL),
(3773, 167, 2022, 28, 124, 25, 1, '3', '2022-12-20 05:26:42', NULL),
(3774, 168, 2022, 28, 124, 16, 1, '3', '2022-12-20 05:26:42', NULL),
(3775, 169, 2022, 28, 124, 19, 1, '3', '2022-12-20 05:26:42', NULL),
(3776, 170, 2022, 28, 124, 18, 1, '3', '2022-12-20 05:26:42', NULL),
(3777, 171, 2022, 28, 124, 20, 1, '3', '2022-12-20 05:26:42', NULL),
(3778, 172, 2022, 28, 124, 24, 1, '3', '2022-12-20 05:26:42', NULL),
(3779, 173, 2022, 28, 124, 17, 1, '3', '2022-12-20 05:26:42', NULL),
(3780, 132, 2022, 28, 119, 104, 1, '1', '2022-12-20 06:17:15', NULL),
(3781, 133, 2022, 28, 119, 77, 1, '1', '2022-12-20 06:17:15', NULL),
(3782, 134, 2022, 28, 119, 88, 1, '1', '2022-12-20 06:17:15', NULL),
(3783, 135, 2022, 28, 119, 104, 1, '1', '2022-12-20 06:17:15', NULL),
(3784, 136, 2022, 28, 119, 108, 1, '1', '2022-12-20 06:17:15', NULL),
(3785, 137, 2022, 28, 119, 108, 1, '1', '2022-12-20 06:17:15', NULL),
(3786, 138, 2022, 28, 119, 100, 1, '1', '2022-12-20 06:17:15', NULL),
(3787, 139, 2022, 28, 119, 88, 1, '1', '2022-12-20 06:17:15', NULL),
(3788, 140, 2022, 28, 119, 92, 1, '1', '2022-12-20 06:17:15', NULL),
(3789, 141, 2022, 28, 119, 88, 1, '1', '2022-12-20 06:17:15', NULL),
(3790, 142, 2022, 28, 119, 100, 1, '1', '2022-12-20 06:17:15', NULL),
(3791, 143, 2022, 28, 119, 112, 1, '1', '2022-12-20 06:17:15', NULL),
(3792, 144, 2022, 28, 119, 104, 1, '1', '2022-12-20 06:17:15', NULL),
(3793, 145, 2022, 28, 119, 116, 1, '1', '2022-12-20 06:17:15', NULL),
(3794, 146, 2022, 28, 119, 108, 1, '1', '2022-12-20 06:17:15', NULL),
(3795, 147, 2022, 28, 119, 100, 1, '1', '2022-12-20 06:17:15', NULL),
(3796, 148, 2022, 28, 119, 92, 1, '1', '2022-12-20 06:17:15', NULL),
(3797, 149, 2022, 28, 119, 88, 1, '1', '2022-12-20 06:17:15', NULL),
(3798, 150, 2022, 28, 119, 108, 1, '1', '2022-12-20 06:17:15', NULL),
(3799, 151, 2022, 28, 119, 116, 1, '1', '2022-12-20 06:17:15', NULL),
(3800, 152, 2022, 28, 119, 108, 1, '1', '2022-12-20 06:17:15', NULL),
(3801, 153, 2022, 28, 119, 116, 1, '1', '2022-12-20 06:17:15', NULL),
(3802, 154, 2022, 28, 119, 104, 1, '1', '2022-12-20 06:17:15', NULL),
(3803, 155, 2022, 28, 119, 100, 1, '1', '2022-12-20 06:17:15', NULL),
(3804, 156, 2022, 28, 119, 108, 1, '1', '2022-12-20 06:17:15', NULL),
(3805, 157, 2022, 28, 119, 116, 1, '1', '2022-12-20 06:17:15', NULL),
(3806, 158, 2022, 28, 119, 108, 1, '1', '2022-12-20 06:17:15', NULL),
(3807, 159, 2022, 28, 119, 116, 1, '1', '2022-12-20 06:17:15', NULL),
(3808, 160, 2022, 28, 119, 100, 1, '1', '2022-12-20 06:17:15', NULL),
(3809, 161, 2022, 28, 119, 88, 1, '1', '2022-12-20 06:17:15', NULL),
(3810, 162, 2022, 28, 119, 116, 1, '1', '2022-12-20 06:17:15', NULL),
(3811, 163, 2022, 28, 119, 100, 1, '1', '2022-12-20 06:17:15', NULL),
(3812, 164, 2022, 28, 119, 52, 1, '1', '2022-12-20 06:17:15', NULL),
(3813, 165, 2022, 28, 119, 70, 1, '1', '2022-12-20 06:17:15', NULL),
(3814, 166, 2022, 28, 119, 104, 1, '1', '2022-12-20 06:17:15', NULL),
(3815, 167, 2022, 28, 119, 104, 1, '1', '2022-12-20 06:17:15', NULL),
(3816, 168, 2022, 28, 119, 100, 1, '1', '2022-12-20 06:17:15', NULL),
(3817, 169, 2022, 28, 119, 100, 1, '1', '2022-12-20 06:17:15', NULL),
(3818, 170, 2022, 28, 119, 100, 1, '1', '2022-12-20 06:17:15', NULL),
(3819, 171, 2022, 28, 119, 100, 1, '1', '2022-12-20 06:17:15', NULL),
(3820, 172, 2022, 28, 119, 100, 1, '1', '2022-12-20 06:17:15', NULL),
(3821, 173, 2022, 28, 119, 100, 1, '1', '2022-12-20 06:17:15', NULL),
(3822, 132, 2022, 28, 119, 70, 1, '3', '2022-12-20 06:19:23', NULL),
(3823, 133, 2022, 28, 119, 77, 1, '3', '2022-12-20 06:19:23', NULL),
(3824, 134, 2022, 28, 119, 87, 1, '3', '2022-12-20 06:19:23', NULL),
(3825, 135, 2022, 28, 119, 106, 1, '3', '2022-12-20 06:19:23', NULL),
(3826, 136, 2022, 28, 119, 60, 1, '3', '2022-12-20 06:19:23', NULL),
(3827, 137, 2022, 28, 119, 53, 1, '3', '2022-12-20 06:19:23', NULL),
(3828, 138, 2022, 28, 119, 77, 1, '3', '2022-12-20 06:19:23', NULL),
(3829, 139, 2022, 28, 119, 87, 1, '3', '2022-12-20 06:19:23', NULL),
(3830, 140, 2022, 28, 119, 45, 1, '3', '2022-12-20 06:19:23', NULL),
(3831, 141, 2022, 28, 119, 72, 1, '3', '2022-12-20 06:19:23', NULL),
(3832, 142, 2022, 28, 119, 75, 1, '3', '2022-12-20 06:19:23', NULL),
(3833, 143, 2022, 28, 119, 54, 1, '3', '2022-12-20 06:19:23', NULL),
(3834, 144, 2022, 28, 119, 70, 1, '3', '2022-12-20 06:19:23', NULL),
(3835, 145, 2022, 28, 119, 102, 1, '3', '2022-12-20 06:19:23', NULL),
(3836, 146, 2022, 28, 119, 42, 1, '3', '2022-12-20 06:19:23', NULL),
(3837, 147, 2022, 28, 119, 46, 1, '3', '2022-12-20 06:19:23', NULL),
(3838, 148, 2022, 28, 119, 90, 1, '3', '2022-12-20 06:19:23', NULL),
(3839, 149, 2022, 28, 119, 53, 1, '3', '2022-12-20 06:19:23', NULL),
(3840, 150, 2022, 28, 119, 78, 1, '3', '2022-12-20 06:19:23', NULL),
(3841, 151, 2022, 28, 119, 72, 1, '3', '2022-12-20 06:19:23', NULL),
(3842, 152, 2022, 28, 119, 40, 1, '3', '2022-12-20 06:19:23', NULL),
(3843, 153, 2022, 28, 119, 84, 1, '3', '2022-12-20 06:19:23', NULL),
(3844, 154, 2022, 28, 119, 94, 1, '3', '2022-12-20 06:19:23', NULL),
(3845, 155, 2022, 28, 119, 69, 1, '3', '2022-12-20 06:19:23', NULL),
(3846, 156, 2022, 28, 119, 76, 1, '3', '2022-12-20 06:19:23', NULL),
(3847, 157, 2022, 28, 119, 106, 1, '3', '2022-12-20 06:19:23', NULL),
(3848, 158, 2022, 28, 119, 82, 1, '3', '2022-12-20 06:19:23', NULL),
(3849, 159, 2022, 28, 119, 78, 1, '3', '2022-12-20 06:19:23', NULL),
(3850, 160, 2022, 28, 119, 87, 1, '3', '2022-12-20 06:19:23', NULL),
(3851, 161, 2022, 28, 119, 0, 1, '3', '2022-12-20 06:19:23', NULL),
(3852, 162, 2022, 28, 119, 116, 1, '3', '2022-12-20 06:19:23', NULL),
(3853, 163, 2022, 28, 119, 63, 1, '3', '2022-12-20 06:19:23', NULL),
(3854, 164, 2022, 28, 119, 52, 1, '3', '2022-12-20 06:19:23', NULL),
(3855, 165, 2022, 28, 119, 70, 1, '3', '2022-12-20 06:19:23', NULL),
(3856, 166, 2022, 28, 119, 53, 1, '3', '2022-12-20 06:19:23', NULL),
(3857, 167, 2022, 28, 119, 58, 1, '3', '2022-12-20 06:19:23', NULL),
(3858, 168, 2022, 28, 119, 43, 1, '3', '2022-12-20 06:19:23', NULL),
(3859, 169, 2022, 28, 119, 69, 1, '3', '2022-12-20 06:19:23', NULL),
(3860, 170, 2022, 28, 119, 48, 1, '3', '2022-12-20 06:19:23', NULL),
(3861, 171, 2022, 28, 119, 63, 1, '3', '2022-12-20 06:19:23', NULL),
(3862, 172, 2022, 28, 119, 87, 1, '3', '2022-12-20 06:19:23', NULL),
(3863, 173, 2022, 28, 119, 46, 1, '3', '2022-12-20 06:19:23', NULL),
(3864, 132, 2022, 28, 121, 60, 1, '1', '2022-12-20 06:39:15', NULL),
(3865, 133, 2022, 28, 121, 82, 1, '1', '2022-12-20 06:39:15', NULL),
(3866, 134, 2022, 28, 121, 100, 1, '1', '2022-12-20 06:39:15', NULL),
(3867, 135, 2022, 28, 121, 98, 1, '1', '2022-12-20 06:39:15', NULL),
(3868, 136, 2022, 28, 121, 40, 1, '1', '2022-12-20 06:39:15', NULL),
(3869, 137, 2022, 28, 121, 60, 1, '1', '2022-12-20 06:39:15', NULL),
(3870, 138, 2022, 28, 121, 88, 1, '1', '2022-12-20 06:39:15', NULL),
(3871, 139, 2022, 28, 121, 72, 1, '1', '2022-12-20 06:39:15', NULL),
(3872, 140, 2022, 28, 121, 70, 1, '1', '2022-12-20 06:39:15', NULL),
(3873, 141, 2022, 28, 121, 90, 1, '1', '2022-12-20 06:39:15', NULL),
(3874, 142, 2022, 28, 121, 80, 1, '1', '2022-12-20 06:39:15', NULL),
(3875, 143, 2022, 28, 121, 82, 1, '1', '2022-12-20 06:39:15', NULL),
(3876, 144, 2022, 28, 121, 34, 1, '1', '2022-12-20 06:39:15', NULL),
(3877, 145, 2022, 28, 121, 100, 1, '1', '2022-12-20 06:39:15', NULL),
(3878, 146, 2022, 28, 121, 62, 1, '1', '2022-12-20 06:39:15', NULL),
(3879, 147, 2022, 28, 121, 68, 1, '1', '2022-12-20 06:39:15', NULL),
(3880, 148, 2022, 28, 121, 60, 1, '1', '2022-12-20 06:39:15', NULL),
(3881, 149, 2022, 28, 121, 38, 1, '1', '2022-12-20 06:39:15', NULL),
(3882, 150, 2022, 28, 121, 74, 1, '1', '2022-12-20 06:39:15', NULL),
(3883, 151, 2022, 28, 121, 84, 1, '1', '2022-12-20 06:39:15', NULL),
(3884, 152, 2022, 28, 121, 868, 1, '1', '2022-12-20 06:39:15', NULL),
(3885, 153, 2022, 28, 121, 78, 1, '1', '2022-12-20 06:39:15', NULL),
(3886, 154, 2022, 28, 121, 60, 1, '1', '2022-12-20 06:39:15', NULL),
(3887, 155, 2022, 28, 121, 34, 1, '1', '2022-12-20 06:39:15', NULL),
(3888, 156, 2022, 28, 121, 92, 1, '1', '2022-12-20 06:39:15', NULL),
(3889, 157, 2022, 28, 121, 92, 1, '1', '2022-12-20 06:39:15', NULL),
(3890, 158, 2022, 28, 121, 78, 1, '1', '2022-12-20 06:39:15', NULL),
(3891, 159, 2022, 28, 121, 78, 1, '1', '2022-12-20 06:39:15', NULL),
(3892, 160, 2022, 28, 121, 24, 1, '1', '2022-12-20 06:39:15', NULL),
(3893, 161, 2022, 28, 121, 62, 1, '1', '2022-12-20 06:39:15', NULL),
(3894, 162, 2022, 28, 121, 100, 1, '1', '2022-12-20 06:39:15', NULL),
(3895, 163, 2022, 28, 121, 62, 1, '1', '2022-12-20 06:39:15', NULL),
(3896, 164, 2022, 28, 121, 70, 1, '1', '2022-12-20 06:39:15', NULL),
(3897, 165, 2022, 28, 121, 54, 1, '1', '2022-12-20 06:39:15', NULL),
(3898, 166, 2022, 28, 121, 82, 1, '1', '2022-12-20 06:39:15', NULL),
(3899, 167, 2022, 28, 121, 92, 1, '1', '2022-12-20 06:39:15', NULL),
(3900, 168, 2022, 28, 121, 26, 1, '1', '2022-12-20 06:39:15', NULL),
(3901, 169, 2022, 28, 121, 76, 1, '1', '2022-12-20 06:39:15', NULL),
(3902, 170, 2022, 28, 121, 42, 1, '1', '2022-12-20 06:39:15', NULL),
(3903, 171, 2022, 28, 121, 28, 1, '1', '2022-12-20 06:39:15', NULL),
(3904, 172, 2022, 28, 121, 40, 1, '1', '2022-12-20 06:39:15', NULL),
(3905, 173, 2022, 28, 121, 70, 1, '1', '2022-12-20 06:39:15', NULL),
(3906, 132, 2022, 28, 121, 36, 1, '3', '2022-12-20 06:40:16', NULL),
(3907, 132, 2022, 28, 121, 36, 1, '3', '2022-12-20 06:42:50', NULL),
(3908, 133, 2022, 28, 121, 60, 1, '3', '2022-12-20 06:42:50', NULL),
(3909, 134, 2022, 28, 121, 87, 1, '3', '2022-12-20 06:42:50', NULL),
(3910, 135, 2022, 28, 121, 90, 1, '3', '2022-12-20 06:42:50', NULL),
(3911, 136, 2022, 28, 121, 19, 1, '3', '2022-12-20 06:42:50', NULL),
(3912, 137, 2022, 28, 121, 82, 1, '3', '2022-12-20 06:42:50', NULL),
(3913, 138, 2022, 28, 121, 76, 1, '3', '2022-12-20 06:42:50', NULL),
(3914, 139, 2022, 28, 121, 61, 1, '3', '2022-12-20 06:42:50', NULL),
(3915, 140, 2022, 28, 121, 48, 1, '3', '2022-12-20 06:42:50', NULL),
(3916, 141, 2022, 28, 121, 68, 1, '3', '2022-12-20 06:42:50', NULL),
(3917, 142, 2022, 28, 121, 53, 1, '3', '2022-12-20 06:42:50', NULL),
(3918, 143, 2022, 28, 121, 38, 1, '3', '2022-12-20 06:42:50', NULL),
(3919, 144, 2022, 28, 121, 59, 1, '3', '2022-12-20 06:42:50', NULL),
(3920, 145, 2022, 28, 121, 100, 1, '3', '2022-12-20 06:42:50', NULL),
(3921, 146, 2022, 28, 121, 41, 1, '3', '2022-12-20 06:42:50', NULL),
(3922, 147, 2022, 28, 121, 49, 1, '3', '2022-12-20 06:42:50', NULL),
(3923, 148, 2022, 28, 121, 72, 1, '3', '2022-12-20 06:42:50', NULL),
(3924, 149, 2022, 28, 121, 30, 1, '3', '2022-12-20 06:42:50', NULL),
(3925, 150, 2022, 28, 121, 41, 1, '3', '2022-12-20 06:42:50', NULL),
(3926, 151, 2022, 28, 121, 59, 1, '3', '2022-12-20 06:42:50', NULL),
(3927, 152, 2022, 28, 121, 58, 1, '3', '2022-12-20 06:42:50', NULL),
(3928, 153, 2022, 28, 121, 82, 1, '3', '2022-12-20 06:42:50', NULL),
(3929, 154, 2022, 28, 121, 75, 1, '3', '2022-12-20 06:42:50', NULL),
(3930, 155, 2022, 28, 121, 74, 1, '3', '2022-12-20 06:42:50', NULL),
(3931, 156, 2022, 28, 121, 83, 1, '3', '2022-12-20 06:42:50', NULL),
(3932, 157, 2022, 28, 121, 80, 1, '3', '2022-12-20 06:42:50', NULL),
(3933, 158, 2022, 28, 121, 65, 1, '3', '2022-12-20 06:42:50', NULL),
(3934, 159, 2022, 28, 121, 62, 1, '3', '2022-12-20 06:42:50', NULL),
(3935, 160, 2022, 28, 121, 33, 1, '3', '2022-12-20 06:42:50', NULL),
(3936, 161, 2022, 28, 121, 43, 1, '3', '2022-12-20 06:42:50', NULL),
(3937, 162, 2022, 28, 121, 91, 1, '3', '2022-12-20 06:42:50', NULL),
(3938, 163, 2022, 28, 121, 60, 1, '3', '2022-12-20 06:42:50', NULL),
(3939, 164, 2022, 28, 121, 79, 1, '3', '2022-12-20 06:42:50', NULL),
(3940, 165, 2022, 28, 121, 50, 1, '3', '2022-12-20 06:42:50', NULL),
(3941, 166, 2022, 28, 121, 59, 1, '3', '2022-12-20 06:42:50', NULL),
(3942, 167, 2022, 28, 121, 75, 1, '3', '2022-12-20 06:42:50', NULL),
(3943, 168, 2022, 28, 121, 50, 1, '3', '2022-12-20 06:42:50', NULL),
(3944, 169, 2022, 28, 121, 72, 1, '3', '2022-12-20 06:42:50', NULL),
(3945, 170, 2022, 28, 121, 50, 1, '3', '2022-12-20 06:42:50', NULL),
(3946, 171, 2022, 28, 121, 82, 1, '3', '2022-12-20 06:42:50', NULL),
(3947, 172, 2022, 28, 121, 77, 1, '3', '2022-12-20 06:42:50', NULL),
(3948, 173, 2022, 28, 121, 57, 1, '3', '2022-12-20 06:42:50', NULL),
(3949, 132, 2022, 28, 126, 26, 1, '1', '2022-12-20 06:52:49', NULL),
(3950, 133, 2022, 28, 126, 25, 1, '1', '2022-12-20 06:52:49', NULL),
(3951, 134, 2022, 28, 126, 27, 1, '1', '2022-12-20 06:52:49', NULL),
(3952, 135, 2022, 28, 126, 25, 1, '1', '2022-12-20 06:52:49', NULL),
(3953, 136, 2022, 28, 126, 27, 1, '1', '2022-12-20 06:52:49', NULL),
(3954, 137, 2022, 28, 126, 27, 1, '1', '2022-12-20 06:52:49', NULL),
(3955, 138, 2022, 28, 126, 26, 1, '1', '2022-12-20 06:52:49', NULL),
(3956, 139, 2022, 28, 126, 26, 1, '1', '2022-12-20 06:52:49', NULL),
(3957, 140, 2022, 28, 126, 27, 1, '1', '2022-12-20 06:52:49', NULL),
(3958, 141, 2022, 28, 126, 26, 1, '1', '2022-12-20 06:52:49', NULL),
(3959, 142, 2022, 28, 126, 25, 1, '1', '2022-12-20 06:52:49', NULL),
(3960, 143, 2022, 28, 126, 27, 1, '1', '2022-12-20 06:52:49', NULL),
(3961, 144, 2022, 28, 126, 25, 1, '1', '2022-12-20 06:52:49', NULL),
(3962, 145, 2022, 28, 126, 25, 1, '1', '2022-12-20 06:52:49', NULL),
(3963, 146, 2022, 28, 126, 27, 1, '1', '2022-12-20 06:52:49', NULL),
(3964, 147, 2022, 28, 126, 25, 1, '1', '2022-12-20 06:52:49', NULL),
(3965, 148, 2022, 28, 126, 26, 1, '1', '2022-12-20 06:52:49', NULL),
(3966, 149, 2022, 28, 126, 27, 1, '1', '2022-12-20 06:52:49', NULL),
(3967, 150, 2022, 28, 126, 25, 1, '1', '2022-12-20 06:52:49', NULL),
(3968, 151, 2022, 28, 126, 26, 1, '1', '2022-12-20 06:52:49', NULL),
(3969, 152, 2022, 28, 126, 27, 1, '1', '2022-12-20 06:52:49', NULL),
(3970, 153, 2022, 28, 126, 26, 1, '1', '2022-12-20 06:52:49', NULL),
(3971, 154, 2022, 28, 126, 25, 1, '1', '2022-12-20 06:52:49', NULL),
(3972, 155, 2022, 28, 126, 26, 1, '1', '2022-12-20 06:52:49', NULL),
(3973, 156, 2022, 28, 126, 27, 1, '1', '2022-12-20 06:52:49', NULL),
(3974, 157, 2022, 28, 126, 25, 1, '1', '2022-12-20 06:52:49', NULL),
(3975, 158, 2022, 28, 126, 25, 1, '1', '2022-12-20 06:52:49', NULL),
(3976, 159, 2022, 28, 126, 25, 1, '1', '2022-12-20 06:52:49', NULL),
(3977, 160, 2022, 28, 126, 26, 1, '1', '2022-12-20 06:52:49', NULL),
(3978, 161, 2022, 28, 126, 25, 1, '1', '2022-12-20 06:52:49', NULL),
(3979, 162, 2022, 28, 126, 27, 1, '1', '2022-12-20 06:52:49', NULL),
(3980, 163, 2022, 28, 126, 25, 1, '1', '2022-12-20 06:52:49', NULL),
(3981, 164, 2022, 28, 126, 25, 1, '1', '2022-12-20 06:52:49', NULL),
(3982, 165, 2022, 28, 126, 27, 1, '1', '2022-12-20 06:52:49', NULL),
(3983, 166, 2022, 28, 126, 26, 1, '1', '2022-12-20 06:52:49', NULL),
(3984, 167, 2022, 28, 126, 25, 1, '1', '2022-12-20 06:52:49', NULL),
(3985, 168, 2022, 28, 126, 27, 1, '1', '2022-12-20 06:52:49', NULL),
(3986, 169, 2022, 28, 126, 27, 1, '1', '2022-12-20 06:52:49', NULL),
(3987, 170, 2022, 28, 126, 26, 1, '1', '2022-12-20 06:52:49', NULL),
(3988, 171, 2022, 28, 126, 25, 1, '1', '2022-12-20 06:52:49', NULL),
(3989, 172, 2022, 28, 126, 26, 1, '1', '2022-12-20 06:52:49', NULL),
(3990, 173, 2022, 28, 126, 25, 1, '1', '2022-12-20 06:52:49', NULL),
(3991, 174, 2022, 30, 153, 56, 1, '1', '2022-12-20 06:54:21', NULL),
(3992, 175, 2022, 30, 153, 78, 1, '1', '2022-12-20 06:54:21', NULL),
(3993, 176, 2022, 30, 153, 26, 1, '1', '2022-12-20 06:54:21', NULL),
(3994, 132, 2022, 28, 126, 27, 1, '3', '2022-12-20 06:54:23', NULL),
(3995, 133, 2022, 28, 126, 25, 1, '3', '2022-12-20 06:54:23', NULL),
(3996, 134, 2022, 28, 126, 25, 1, '3', '2022-12-20 06:54:23', NULL),
(3997, 135, 2022, 28, 126, 26, 1, '3', '2022-12-20 06:54:23', NULL),
(3998, 136, 2022, 28, 126, 27, 1, '3', '2022-12-20 06:54:23', NULL),
(3999, 137, 2022, 28, 126, 25, 1, '3', '2022-12-20 06:54:23', NULL),
(4000, 138, 2022, 28, 126, 26, 1, '3', '2022-12-20 06:54:23', NULL),
(4001, 139, 2022, 28, 126, 26, 1, '3', '2022-12-20 06:54:23', NULL),
(4002, 140, 2022, 28, 126, 25, 1, '3', '2022-12-20 06:54:23', NULL),
(4003, 141, 2022, 28, 126, 27, 1, '3', '2022-12-20 06:54:23', NULL),
(4004, 142, 2022, 28, 126, 25, 1, '3', '2022-12-20 06:54:23', NULL),
(4005, 143, 2022, 28, 126, 25, 1, '3', '2022-12-20 06:54:23', NULL),
(4006, 144, 2022, 28, 126, 26, 1, '3', '2022-12-20 06:54:23', NULL),
(4007, 145, 2022, 28, 126, 26, 1, '3', '2022-12-20 06:54:23', NULL),
(4008, 146, 2022, 28, 126, 27, 1, '3', '2022-12-20 06:54:23', NULL),
(4009, 147, 2022, 28, 126, 27, 1, '3', '2022-12-20 06:54:23', NULL),
(4010, 148, 2022, 28, 126, 24, 1, '3', '2022-12-20 06:54:23', NULL),
(4011, 149, 2022, 28, 126, 25, 1, '3', '2022-12-20 06:54:23', NULL),
(4012, 150, 2022, 28, 126, 24, 1, '3', '2022-12-20 06:54:23', NULL),
(4013, 151, 2022, 28, 126, 24, 1, '3', '2022-12-20 06:54:23', NULL),
(4014, 152, 2022, 28, 126, 25, 1, '3', '2022-12-20 06:54:23', NULL),
(4015, 153, 2022, 28, 126, 26, 1, '3', '2022-12-20 06:54:23', NULL),
(4016, 154, 2022, 28, 126, 25, 1, '3', '2022-12-20 06:54:23', NULL),
(4017, 155, 2022, 28, 126, 26, 1, '3', '2022-12-20 06:54:23', NULL),
(4018, 156, 2022, 28, 126, 25, 1, '3', '2022-12-20 06:54:23', NULL);
INSERT INTO `tblresult` (`id`, `StudentId`, `academicYear`, `ClassId`, `SubjectId`, `marks`, `term`, `type`, `PostingDate`, `UpdationDate`) VALUES
(4019, 157, 2022, 28, 126, 6, 1, '3', '2022-12-20 06:54:23', NULL),
(4020, 158, 2022, 28, 126, 27, 1, '3', '2022-12-20 06:54:23', NULL),
(4021, 159, 2022, 28, 126, 25, 1, '3', '2022-12-20 06:54:23', NULL),
(4022, 160, 2022, 28, 126, 25, 1, '3', '2022-12-20 06:54:23', NULL),
(4023, 161, 2022, 28, 126, 26, 1, '3', '2022-12-20 06:54:23', NULL),
(4024, 162, 2022, 28, 126, 26, 1, '3', '2022-12-20 06:54:23', NULL),
(4025, 163, 2022, 28, 126, 27, 1, '3', '2022-12-20 06:54:23', NULL),
(4026, 164, 2022, 28, 126, 25, 1, '3', '2022-12-20 06:54:23', NULL),
(4027, 165, 2022, 28, 126, 25, 1, '3', '2022-12-20 06:54:23', NULL),
(4028, 166, 2022, 28, 126, 25, 1, '3', '2022-12-20 06:54:23', NULL),
(4029, 167, 2022, 28, 126, 26, 1, '3', '2022-12-20 06:54:23', NULL),
(4030, 168, 2022, 28, 126, 27, 1, '3', '2022-12-20 06:54:23', NULL),
(4031, 169, 2022, 28, 126, 25, 1, '3', '2022-12-20 06:54:23', NULL),
(4032, 170, 2022, 28, 126, 27, 1, '3', '2022-12-20 06:54:23', NULL),
(4033, 171, 2022, 28, 126, 26, 1, '3', '2022-12-20 06:54:23', NULL),
(4034, 172, 2022, 28, 126, 27, 1, '3', '2022-12-20 06:54:23', NULL),
(4035, 173, 2022, 28, 126, 25, 1, '3', '2022-12-20 06:54:23', NULL),
(4036, 379, 2022, 34, 60, 40, 1, '1', '2022-12-20 06:57:26', NULL),
(4037, 379, 2022, 34, 60, 40, 1, '3', '2022-12-20 06:59:04', NULL),
(4038, 132, 2022, 28, 127, 25, 1, '1', '2022-12-20 07:02:17', NULL),
(4039, 133, 2022, 28, 127, 22, 1, '1', '2022-12-20 07:02:17', NULL),
(4040, 134, 2022, 28, 127, 27, 1, '1', '2022-12-20 07:02:17', NULL),
(4041, 135, 2022, 28, 127, 23, 1, '1', '2022-12-20 07:02:17', NULL),
(4042, 136, 2022, 28, 127, 20, 1, '1', '2022-12-20 07:02:17', NULL),
(4043, 137, 2022, 28, 127, 13, 1, '1', '2022-12-20 07:02:17', NULL),
(4044, 138, 2022, 28, 127, 24, 1, '1', '2022-12-20 07:02:17', NULL),
(4045, 139, 2022, 28, 127, 23, 1, '1', '2022-12-20 07:02:17', NULL),
(4046, 140, 2022, 28, 127, 22, 1, '1', '2022-12-20 07:02:17', NULL),
(4047, 141, 2022, 28, 127, 23, 1, '1', '2022-12-20 07:02:17', NULL),
(4048, 142, 2022, 28, 127, 19, 1, '1', '2022-12-20 07:02:17', NULL),
(4049, 143, 2022, 28, 127, 19, 1, '1', '2022-12-20 07:02:17', NULL),
(4050, 144, 2022, 28, 127, 24, 1, '1', '2022-12-20 07:02:17', NULL),
(4051, 145, 2022, 28, 127, 24, 1, '1', '2022-12-20 07:02:17', NULL),
(4052, 146, 2022, 28, 127, 27, 1, '1', '2022-12-20 07:02:17', NULL),
(4053, 147, 2022, 28, 127, 25, 1, '1', '2022-12-20 07:02:17', NULL),
(4054, 148, 2022, 28, 127, 27, 1, '1', '2022-12-20 07:02:17', NULL),
(4055, 149, 2022, 28, 127, 21, 1, '1', '2022-12-20 07:02:17', NULL),
(4056, 150, 2022, 28, 127, 23, 1, '1', '2022-12-20 07:02:17', NULL),
(4057, 151, 2022, 28, 127, 20, 1, '1', '2022-12-20 07:02:17', NULL),
(4058, 152, 2022, 28, 127, 16, 1, '1', '2022-12-20 07:02:17', NULL),
(4059, 153, 2022, 28, 127, 13, 1, '1', '2022-12-20 07:02:17', NULL),
(4060, 154, 2022, 28, 127, 20, 1, '1', '2022-12-20 07:02:17', NULL),
(4061, 155, 2022, 28, 127, 25, 1, '1', '2022-12-20 07:02:17', NULL),
(4062, 156, 2022, 28, 127, 25, 1, '1', '2022-12-20 07:02:17', NULL),
(4063, 157, 2022, 28, 127, 23, 1, '1', '2022-12-20 07:02:17', NULL),
(4064, 158, 2022, 28, 127, 19, 1, '1', '2022-12-20 07:02:17', NULL),
(4065, 159, 2022, 28, 127, 23, 1, '1', '2022-12-20 07:02:17', NULL),
(4066, 160, 2022, 28, 127, 18, 1, '1', '2022-12-20 07:02:17', NULL),
(4067, 161, 2022, 28, 127, 23, 1, '1', '2022-12-20 07:02:17', NULL),
(4068, 162, 2022, 28, 127, 21, 1, '1', '2022-12-20 07:02:17', NULL),
(4069, 163, 2022, 28, 127, 25, 1, '1', '2022-12-20 07:02:17', NULL),
(4070, 164, 2022, 28, 127, 24, 1, '1', '2022-12-20 07:02:17', NULL),
(4071, 165, 2022, 28, 127, 21, 1, '1', '2022-12-20 07:02:17', NULL),
(4072, 166, 2022, 28, 127, 21, 1, '1', '2022-12-20 07:02:17', NULL),
(4073, 167, 2022, 28, 127, 25, 1, '1', '2022-12-20 07:02:17', NULL),
(4074, 168, 2022, 28, 127, 21, 1, '1', '2022-12-20 07:02:17', NULL),
(4075, 169, 2022, 28, 127, 26, 1, '1', '2022-12-20 07:02:17', NULL),
(4076, 170, 2022, 28, 127, 18, 1, '1', '2022-12-20 07:02:17', NULL),
(4077, 171, 2022, 28, 127, 26, 1, '1', '2022-12-20 07:02:17', NULL),
(4078, 172, 2022, 28, 127, 23, 1, '1', '2022-12-20 07:02:17', NULL),
(4079, 173, 2022, 28, 127, 21, 1, '1', '2022-12-20 07:02:17', NULL),
(4080, 132, 2022, 28, 127, 23, 1, '3', '2022-12-20 07:03:49', NULL),
(4081, 133, 2022, 28, 127, 18, 1, '3', '2022-12-20 07:03:49', NULL),
(4082, 134, 2022, 28, 127, 22, 1, '3', '2022-12-20 07:03:49', NULL),
(4083, 135, 2022, 28, 127, 24, 1, '3', '2022-12-20 07:03:49', NULL),
(4084, 136, 2022, 28, 127, 18, 1, '3', '2022-12-20 07:03:49', NULL),
(4085, 137, 2022, 28, 127, 22, 1, '3', '2022-12-20 07:03:49', NULL),
(4086, 138, 2022, 28, 127, 23, 1, '3', '2022-12-20 07:03:49', NULL),
(4087, 139, 2022, 28, 127, 21, 1, '3', '2022-12-20 07:03:49', NULL),
(4088, 140, 2022, 28, 127, 21, 1, '3', '2022-12-20 07:03:49', NULL),
(4089, 141, 2022, 28, 127, 22, 1, '3', '2022-12-20 07:03:49', NULL),
(4090, 142, 2022, 28, 127, 23, 1, '3', '2022-12-20 07:03:49', NULL),
(4091, 143, 2022, 28, 127, 18, 1, '3', '2022-12-20 07:03:49', NULL),
(4092, 144, 2022, 28, 127, 22, 1, '3', '2022-12-20 07:03:49', NULL),
(4093, 145, 2022, 28, 127, 20, 1, '3', '2022-12-20 07:03:49', NULL),
(4094, 146, 2022, 28, 127, 19, 1, '3', '2022-12-20 07:03:49', NULL),
(4095, 147, 2022, 28, 127, 19, 1, '3', '2022-12-20 07:03:49', NULL),
(4096, 148, 2022, 28, 127, 23, 1, '3', '2022-12-20 07:03:49', NULL),
(4097, 149, 2022, 28, 127, 14, 1, '3', '2022-12-20 07:03:49', NULL),
(4098, 150, 2022, 28, 127, 17, 1, '3', '2022-12-20 07:03:49', NULL),
(4099, 151, 2022, 28, 127, 17, 1, '3', '2022-12-20 07:03:49', NULL),
(4100, 152, 2022, 28, 127, 18, 1, '3', '2022-12-20 07:03:49', NULL),
(4101, 153, 2022, 28, 127, 22, 1, '3', '2022-12-20 07:03:49', NULL),
(4102, 154, 2022, 28, 127, 22, 1, '3', '2022-12-20 07:03:49', NULL),
(4103, 155, 2022, 28, 127, 19, 1, '3', '2022-12-20 07:03:49', NULL),
(4104, 156, 2022, 28, 127, 21, 1, '3', '2022-12-20 07:03:49', NULL),
(4105, 157, 2022, 28, 127, 19, 1, '3', '2022-12-20 07:03:49', NULL),
(4106, 158, 2022, 28, 127, 23, 1, '3', '2022-12-20 07:03:49', NULL),
(4107, 159, 2022, 28, 127, 18, 1, '3', '2022-12-20 07:03:49', NULL),
(4108, 160, 2022, 28, 127, 19, 1, '3', '2022-12-20 07:03:49', NULL),
(4109, 161, 2022, 28, 127, 15, 1, '3', '2022-12-20 07:03:49', NULL),
(4110, 162, 2022, 28, 127, 23, 1, '3', '2022-12-20 07:03:49', NULL),
(4111, 163, 2022, 28, 127, 22, 1, '3', '2022-12-20 07:03:49', NULL),
(4112, 164, 2022, 28, 127, 19, 1, '3', '2022-12-20 07:03:49', NULL),
(4113, 165, 2022, 28, 127, 20, 1, '3', '2022-12-20 07:03:49', NULL),
(4114, 166, 2022, 28, 127, 18, 1, '3', '2022-12-20 07:03:49', NULL),
(4115, 167, 2022, 28, 127, 23, 1, '3', '2022-12-20 07:03:49', NULL),
(4116, 168, 2022, 28, 127, 19, 1, '3', '2022-12-20 07:03:49', NULL),
(4117, 169, 2022, 28, 127, 0, 1, '3', '2022-12-20 07:03:49', NULL),
(4118, 170, 2022, 28, 127, 17, 1, '3', '2022-12-20 07:03:49', NULL),
(4119, 171, 2022, 28, 127, 22, 1, '3', '2022-12-20 07:03:49', NULL),
(4120, 172, 2022, 28, 127, 25, 1, '3', '2022-12-20 07:03:49', NULL),
(4121, 173, 2022, 28, 127, 18, 1, '3', '2022-12-20 07:03:49', NULL),
(4122, 132, 2022, 28, 125, 18, 1, '1', '2022-12-20 07:08:56', NULL),
(4123, 133, 2022, 28, 125, 25, 1, '1', '2022-12-20 07:08:56', NULL),
(4124, 134, 2022, 28, 125, 22, 1, '1', '2022-12-20 07:08:56', NULL),
(4125, 135, 2022, 28, 125, 24, 1, '1', '2022-12-20 07:08:56', NULL),
(4126, 136, 2022, 28, 125, 18, 1, '1', '2022-12-20 07:08:56', NULL),
(4127, 137, 2022, 28, 125, 22, 1, '1', '2022-12-20 07:08:56', NULL),
(4128, 138, 2022, 28, 125, 22, 1, '1', '2022-12-20 07:08:56', NULL),
(4129, 139, 2022, 28, 125, 23, 1, '1', '2022-12-20 07:08:56', NULL),
(4130, 140, 2022, 28, 125, 19, 1, '1', '2022-12-20 07:08:56', NULL),
(4131, 141, 2022, 28, 125, 20, 1, '1', '2022-12-20 07:08:56', NULL),
(4132, 142, 2022, 28, 125, 20, 1, '1', '2022-12-20 07:08:56', NULL),
(4133, 143, 2022, 28, 125, 19, 1, '1', '2022-12-20 07:08:56', NULL),
(4134, 144, 2022, 28, 125, 17, 1, '1', '2022-12-20 07:08:56', NULL),
(4135, 145, 2022, 28, 125, 19, 1, '1', '2022-12-20 07:08:56', NULL),
(4136, 146, 2022, 28, 125, 23, 1, '1', '2022-12-20 07:08:56', NULL),
(4137, 147, 2022, 28, 125, 18, 1, '1', '2022-12-20 07:08:56', NULL),
(4138, 148, 2022, 28, 125, 24, 1, '1', '2022-12-20 07:08:56', NULL),
(4139, 149, 2022, 28, 125, 21, 1, '1', '2022-12-20 07:08:56', NULL),
(4140, 150, 2022, 28, 125, 21, 1, '1', '2022-12-20 07:08:56', NULL),
(4141, 151, 2022, 28, 125, 23, 1, '1', '2022-12-20 07:08:56', NULL),
(4142, 152, 2022, 28, 125, 18, 1, '1', '2022-12-20 07:08:56', NULL),
(4143, 153, 2022, 28, 125, 19, 1, '1', '2022-12-20 07:08:56', NULL),
(4144, 154, 2022, 28, 125, 21, 1, '1', '2022-12-20 07:08:56', NULL),
(4145, 155, 2022, 28, 125, 23, 1, '1', '2022-12-20 07:08:56', NULL),
(4146, 156, 2022, 28, 125, 23, 1, '1', '2022-12-20 07:08:56', NULL),
(4147, 157, 2022, 28, 125, 23, 1, '1', '2022-12-20 07:08:56', NULL),
(4148, 158, 2022, 28, 125, 25, 1, '1', '2022-12-20 07:08:56', NULL),
(4149, 159, 2022, 28, 125, 23, 1, '1', '2022-12-20 07:08:56', NULL),
(4150, 160, 2022, 28, 125, 22, 1, '1', '2022-12-20 07:08:56', NULL),
(4151, 161, 2022, 28, 125, 23, 1, '1', '2022-12-20 07:08:56', NULL),
(4152, 162, 2022, 28, 125, 25, 1, '1', '2022-12-20 07:08:56', NULL),
(4153, 163, 2022, 28, 125, 24, 1, '1', '2022-12-20 07:08:56', NULL),
(4154, 164, 2022, 28, 125, 25, 1, '1', '2022-12-20 07:08:56', NULL),
(4155, 165, 2022, 28, 125, 25, 1, '1', '2022-12-20 07:08:56', NULL),
(4156, 166, 2022, 28, 125, 21, 1, '1', '2022-12-20 07:08:56', NULL),
(4157, 167, 2022, 28, 125, 20, 1, '1', '2022-12-20 07:08:56', NULL),
(4158, 168, 2022, 28, 125, 20, 1, '1', '2022-12-20 07:08:56', NULL),
(4159, 169, 2022, 28, 125, 22, 1, '1', '2022-12-20 07:08:56', NULL),
(4160, 170, 2022, 28, 125, 18, 1, '1', '2022-12-20 07:08:56', NULL),
(4161, 171, 2022, 28, 125, 24, 1, '1', '2022-12-20 07:08:56', NULL),
(4162, 172, 2022, 28, 125, 24, 1, '1', '2022-12-20 07:08:56', NULL),
(4163, 173, 2022, 28, 125, 22, 1, '1', '2022-12-20 07:08:56', NULL),
(4164, 132, 2022, 28, 125, 10, 1, '3', '2022-12-20 07:10:40', NULL),
(4165, 133, 2022, 28, 125, 12, 1, '3', '2022-12-20 07:10:40', NULL),
(4166, 134, 2022, 28, 125, 21, 1, '3', '2022-12-20 07:10:40', NULL),
(4167, 135, 2022, 28, 125, 14, 1, '3', '2022-12-20 07:10:40', NULL),
(4168, 136, 2022, 28, 125, 11, 1, '3', '2022-12-20 07:10:40', NULL),
(4169, 137, 2022, 28, 125, 15, 1, '3', '2022-12-20 07:10:40', NULL),
(4170, 138, 2022, 28, 125, 20, 1, '3', '2022-12-20 07:10:40', NULL),
(4171, 139, 2022, 28, 125, 17, 1, '3', '2022-12-20 07:10:40', NULL),
(4172, 140, 2022, 28, 125, 9, 1, '3', '2022-12-20 07:10:40', NULL),
(4173, 141, 2022, 28, 125, 12, 1, '3', '2022-12-20 07:10:40', NULL),
(4174, 142, 2022, 28, 125, 13, 1, '3', '2022-12-20 07:10:40', NULL),
(4175, 143, 2022, 28, 125, 14, 1, '3', '2022-12-20 07:10:40', NULL),
(4176, 144, 2022, 28, 125, 16, 1, '3', '2022-12-20 07:10:40', NULL),
(4177, 145, 2022, 28, 125, 18, 1, '3', '2022-12-20 07:10:40', NULL),
(4178, 146, 2022, 28, 125, 6, 1, '3', '2022-12-20 07:10:40', NULL),
(4179, 147, 2022, 28, 125, 5, 1, '3', '2022-12-20 07:10:40', NULL),
(4180, 148, 2022, 28, 125, 14, 1, '3', '2022-12-20 07:10:40', NULL),
(4181, 149, 2022, 28, 125, 6, 1, '3', '2022-12-20 07:10:40', NULL),
(4182, 150, 2022, 28, 125, 6, 1, '3', '2022-12-20 07:10:40', NULL),
(4183, 151, 2022, 28, 125, 18, 1, '3', '2022-12-20 07:10:40', NULL),
(4184, 152, 2022, 28, 125, 10, 1, '3', '2022-12-20 07:10:40', NULL),
(4185, 153, 2022, 28, 125, 14, 1, '3', '2022-12-20 07:10:40', NULL),
(4186, 154, 2022, 28, 125, 18, 1, '3', '2022-12-20 07:10:40', NULL),
(4187, 155, 2022, 28, 125, 6, 1, '3', '2022-12-20 07:10:40', NULL),
(4188, 156, 2022, 28, 125, 15, 1, '3', '2022-12-20 07:10:40', NULL),
(4189, 157, 2022, 28, 125, 18, 1, '3', '2022-12-20 07:10:40', NULL),
(4190, 158, 2022, 28, 125, 11, 1, '3', '2022-12-20 07:10:40', NULL),
(4191, 159, 2022, 28, 125, 14, 1, '3', '2022-12-20 07:10:40', NULL),
(4192, 160, 2022, 28, 125, 18, 1, '3', '2022-12-20 07:10:40', NULL),
(4193, 161, 2022, 28, 125, 10, 1, '3', '2022-12-20 07:10:40', NULL),
(4194, 162, 2022, 28, 125, 20, 1, '3', '2022-12-20 07:10:40', NULL),
(4195, 163, 2022, 28, 125, 10, 1, '3', '2022-12-20 07:10:40', NULL),
(4196, 164, 2022, 28, 125, 9, 1, '3', '2022-12-20 07:10:40', NULL),
(4197, 165, 2022, 28, 125, 18, 1, '3', '2022-12-20 07:10:40', NULL),
(4198, 166, 2022, 28, 125, 4, 1, '3', '2022-12-20 07:10:40', NULL),
(4199, 167, 2022, 28, 125, 15, 1, '3', '2022-12-20 07:10:40', NULL),
(4200, 168, 2022, 28, 125, 9, 1, '3', '2022-12-20 07:10:40', NULL),
(4201, 169, 2022, 28, 125, 5, 1, '3', '2022-12-20 07:10:40', NULL),
(4202, 170, 2022, 28, 125, 8, 1, '3', '2022-12-20 07:10:40', NULL),
(4203, 171, 2022, 28, 125, 6, 1, '3', '2022-12-20 07:10:40', NULL),
(4204, 172, 2022, 28, 125, 11, 1, '3', '2022-12-20 07:10:40', NULL),
(4205, 173, 2022, 28, 125, 5, 1, '3', '2022-12-20 07:10:40', NULL),
(4206, 174, 2022, 30, 153, 56, 1, '1', '2022-12-20 07:12:46', NULL),
(4207, 175, 2022, 30, 153, 78, 1, '1', '2022-12-20 07:12:46', NULL),
(4208, 176, 2022, 30, 153, 26, 1, '1', '2022-12-20 07:12:46', NULL),
(4209, 177, 2022, 30, 153, 45, 1, '1', '2022-12-20 07:12:46', NULL),
(4210, 178, 2022, 30, 153, 60, 1, '1', '2022-12-20 07:12:46', NULL),
(4211, 179, 2022, 30, 153, 76, 1, '1', '2022-12-20 07:12:46', NULL),
(4212, 180, 2022, 30, 153, 50, 1, '1', '2022-12-20 07:12:46', NULL),
(4213, 181, 2022, 30, 153, 66, 1, '1', '2022-12-20 07:12:46', NULL),
(4214, 182, 2022, 30, 153, 20, 1, '1', '2022-12-20 07:12:46', NULL),
(4215, 183, 2022, 30, 153, 67, 1, '1', '2022-12-20 07:12:46', NULL),
(4216, 185, 2022, 30, 153, 62, 1, '1', '2022-12-20 07:12:46', NULL),
(4217, 184, 2022, 30, 153, 58, 1, '1', '2022-12-20 07:12:46', NULL),
(4218, 186, 2022, 30, 153, 35, 1, '1', '2022-12-20 07:12:46', NULL),
(4219, 187, 2022, 30, 153, 50, 1, '1', '2022-12-20 07:12:46', NULL),
(4220, 188, 2022, 30, 153, 50, 1, '1', '2022-12-20 07:12:46', NULL),
(4221, 189, 2022, 30, 153, 47, 1, '1', '2022-12-20 07:12:46', NULL),
(4222, 190, 2022, 30, 153, 54, 1, '1', '2022-12-20 07:12:46', NULL),
(4223, 191, 2022, 30, 153, 79, 1, '1', '2022-12-20 07:12:46', NULL),
(4224, 192, 2022, 30, 153, 40, 1, '1', '2022-12-20 07:12:46', NULL),
(4225, 193, 2022, 30, 153, 82, 1, '1', '2022-12-20 07:12:46', NULL),
(4226, 194, 2022, 30, 153, 40, 1, '1', '2022-12-20 07:12:46', NULL),
(4227, 195, 2022, 30, 153, 50, 1, '1', '2022-12-20 07:12:46', NULL),
(4228, 196, 2022, 30, 153, 45, 1, '1', '2022-12-20 07:12:46', NULL),
(4229, 197, 2022, 30, 153, 75, 1, '1', '2022-12-20 07:12:46', NULL),
(4230, 198, 2022, 30, 153, 60, 1, '1', '2022-12-20 07:12:46', NULL),
(4231, 199, 2022, 30, 153, 40, 1, '1', '2022-12-20 07:12:46', NULL),
(4232, 200, 2022, 30, 153, 78, 1, '1', '2022-12-20 07:12:46', NULL),
(4233, 201, 2022, 30, 153, 54, 1, '1', '2022-12-20 07:12:46', NULL),
(4234, 202, 2022, 30, 153, 56, 1, '1', '2022-12-20 07:12:46', NULL),
(4235, 203, 2022, 30, 153, 65, 1, '1', '2022-12-20 07:12:46', NULL),
(4236, 204, 2022, 30, 153, 50, 1, '1', '2022-12-20 07:12:46', NULL),
(4237, 205, 2022, 30, 153, 57, 1, '1', '2022-12-20 07:12:46', NULL),
(4238, 206, 2022, 30, 153, 65, 1, '1', '2022-12-20 07:12:46', NULL),
(4239, 207, 2022, 30, 153, 50, 1, '1', '2022-12-20 07:12:46', NULL),
(4240, 208, 2022, 30, 153, 40, 1, '1', '2022-12-20 07:12:46', NULL),
(4241, 209, 2022, 30, 153, 60, 1, '1', '2022-12-20 07:12:46', NULL),
(4242, 210, 2022, 30, 153, 52, 1, '1', '2022-12-20 07:12:46', NULL),
(4243, 211, 2022, 30, 153, 50, 1, '1', '2022-12-20 07:12:46', NULL),
(4244, 212, 2022, 30, 153, 58, 1, '1', '2022-12-20 07:12:46', NULL),
(4245, 213, 2022, 30, 153, 58, 1, '1', '2022-12-20 07:12:46', NULL),
(4246, 214, 2022, 30, 153, 66, 1, '1', '2022-12-20 07:12:46', NULL),
(4247, 215, 2022, 30, 153, 57, 1, '1', '2022-12-20 07:12:46', NULL),
(4248, 216, 2022, 30, 153, 35, 1, '1', '2022-12-20 07:12:46', NULL),
(4249, 217, 2022, 30, 153, 51, 1, '1', '2022-12-20 07:12:46', NULL),
(4250, 218, 2022, 30, 153, 60, 1, '1', '2022-12-20 07:12:46', NULL),
(4251, 219, 2022, 30, 153, 40, 1, '1', '2022-12-20 07:12:46', NULL),
(4252, 220, 2022, 30, 153, 40, 1, '1', '2022-12-20 07:12:46', NULL),
(4253, 221, 2022, 30, 153, 54, 1, '1', '2022-12-20 07:12:46', NULL),
(4254, 222, 2022, 30, 153, 72, 1, '1', '2022-12-20 07:12:46', NULL),
(4255, 223, 2022, 30, 153, 66, 1, '1', '2022-12-20 07:12:46', NULL),
(4256, 224, 2022, 30, 153, 62, 1, '1', '2022-12-20 07:12:46', NULL),
(4257, 225, 2022, 30, 153, 60, 1, '1', '2022-12-20 07:12:46', NULL),
(4258, 226, 2022, 30, 153, 57, 1, '1', '2022-12-20 07:12:46', NULL),
(4259, 227, 2022, 30, 153, 40, 1, '1', '2022-12-20 07:12:46', NULL),
(4260, 228, 2022, 30, 153, 58, 1, '1', '2022-12-20 07:12:46', NULL),
(4261, 229, 2022, 30, 153, 25, 1, '1', '2022-12-20 07:12:46', NULL),
(4262, 230, 2022, 30, 153, 71, 1, '1', '2022-12-20 07:12:46', NULL),
(4263, 231, 2022, 30, 153, 40, 1, '1', '2022-12-20 07:12:46', NULL),
(4264, 232, 2022, 30, 153, 59, 1, '1', '2022-12-20 07:12:46', NULL),
(4265, 233, 2022, 30, 153, 72, 1, '1', '2022-12-20 07:12:46', NULL),
(4266, 234, 2022, 30, 153, 60, 1, '1', '2022-12-20 07:12:46', NULL),
(4267, 235, 2022, 30, 153, 89, 1, '1', '2022-12-20 07:12:46', NULL),
(4268, 236, 2022, 30, 153, 79, 1, '1', '2022-12-20 07:12:46', NULL),
(4269, 237, 2022, 30, 153, 45, 1, '1', '2022-12-20 07:12:47', NULL),
(4270, 238, 2022, 30, 153, 40, 1, '1', '2022-12-20 07:12:47', NULL),
(4271, 239, 2022, 30, 153, 64, 1, '1', '2022-12-20 07:12:47', NULL),
(4272, 240, 2022, 30, 153, 71, 1, '1', '2022-12-20 07:12:47', NULL),
(4273, 241, 2022, 30, 153, 88, 1, '1', '2022-12-20 07:12:47', NULL),
(4274, 242, 2022, 30, 153, 77, 1, '1', '2022-12-20 07:12:47', NULL),
(4275, 243, 2022, 30, 153, 73, 1, '1', '2022-12-20 07:12:47', NULL),
(4276, 132, 2022, 28, 111, 15, 1, '1', '2022-12-20 07:19:22', NULL),
(4277, 133, 2022, 28, 111, 18, 1, '1', '2022-12-20 07:19:22', NULL),
(4278, 134, 2022, 28, 111, 24, 1, '1', '2022-12-20 07:19:22', NULL),
(4279, 135, 2022, 28, 111, 19, 1, '1', '2022-12-20 07:19:22', NULL),
(4280, 136, 2022, 28, 111, 19, 1, '1', '2022-12-20 07:19:22', NULL),
(4281, 137, 2022, 28, 111, 0, 1, '1', '2022-12-20 07:19:22', NULL),
(4282, 138, 2022, 28, 111, 17, 1, '1', '2022-12-20 07:19:22', NULL),
(4283, 139, 2022, 28, 111, 27, 1, '1', '2022-12-20 07:19:22', NULL),
(4284, 140, 2022, 28, 111, 19, 1, '1', '2022-12-20 07:19:22', NULL),
(4285, 141, 2022, 28, 111, 23, 1, '1', '2022-12-20 07:19:22', NULL),
(4286, 142, 2022, 28, 111, 27, 1, '1', '2022-12-20 07:19:22', NULL),
(4287, 143, 2022, 28, 111, 23, 1, '1', '2022-12-20 07:19:22', NULL),
(4288, 144, 2022, 28, 111, 23, 1, '1', '2022-12-20 07:19:22', NULL),
(4289, 145, 2022, 28, 111, 26, 1, '1', '2022-12-20 07:19:22', NULL),
(4290, 146, 2022, 28, 111, 12, 1, '1', '2022-12-20 07:19:22', NULL),
(4291, 147, 2022, 28, 111, 24, 1, '1', '2022-12-20 07:19:22', NULL),
(4292, 148, 2022, 28, 111, 17, 1, '1', '2022-12-20 07:19:22', NULL),
(4293, 149, 2022, 28, 111, 15, 1, '1', '2022-12-20 07:19:22', NULL),
(4294, 150, 2022, 28, 111, 21, 1, '1', '2022-12-20 07:19:22', NULL),
(4295, 151, 2022, 28, 111, 20, 1, '1', '2022-12-20 07:19:22', NULL),
(4296, 152, 2022, 28, 111, 16, 1, '1', '2022-12-20 07:19:22', NULL),
(4297, 153, 2022, 28, 111, 25, 1, '1', '2022-12-20 07:19:22', NULL),
(4298, 154, 2022, 28, 111, 18, 1, '1', '2022-12-20 07:19:22', NULL),
(4299, 155, 2022, 28, 111, 12, 1, '1', '2022-12-20 07:19:22', NULL),
(4300, 156, 2022, 28, 111, 23, 1, '1', '2022-12-20 07:19:22', NULL),
(4301, 157, 2022, 28, 111, 29, 1, '1', '2022-12-20 07:19:22', NULL),
(4302, 158, 2022, 28, 111, 17, 1, '1', '2022-12-20 07:19:22', NULL),
(4303, 159, 2022, 28, 111, 27, 1, '1', '2022-12-20 07:19:22', NULL),
(4304, 160, 2022, 28, 111, 23, 1, '1', '2022-12-20 07:19:22', NULL),
(4305, 161, 2022, 28, 111, 20, 1, '1', '2022-12-20 07:19:22', NULL),
(4306, 162, 2022, 28, 111, 26, 1, '1', '2022-12-20 07:19:22', NULL),
(4307, 163, 2022, 28, 111, 14, 1, '1', '2022-12-20 07:19:22', NULL),
(4308, 164, 2022, 28, 111, 0, 1, '1', '2022-12-20 07:19:22', NULL),
(4309, 165, 2022, 28, 111, 17, 1, '1', '2022-12-20 07:19:22', NULL),
(4310, 166, 2022, 28, 111, 17, 1, '1', '2022-12-20 07:19:22', NULL),
(4311, 167, 2022, 28, 111, 18, 1, '1', '2022-12-20 07:19:22', NULL),
(4312, 168, 2022, 28, 111, 21, 1, '1', '2022-12-20 07:19:22', NULL),
(4313, 169, 2022, 28, 111, 17, 1, '1', '2022-12-20 07:19:22', NULL),
(4314, 170, 2022, 28, 111, 15, 1, '1', '2022-12-20 07:19:22', NULL),
(4315, 171, 2022, 28, 111, 15, 1, '1', '2022-12-20 07:19:22', NULL),
(4316, 172, 2022, 28, 111, 17, 1, '1', '2022-12-20 07:19:22', NULL),
(4317, 173, 2022, 28, 111, 17, 1, '1', '2022-12-20 07:19:22', NULL),
(4318, 174, 2022, 30, 153, 30, 1, '3', '2022-12-20 07:21:45', NULL),
(4319, 175, 2022, 30, 153, 76, 1, '3', '2022-12-20 07:21:45', NULL),
(4320, 176, 2022, 30, 153, 25, 1, '3', '2022-12-20 07:21:45', NULL),
(4321, 177, 2022, 30, 153, 20, 1, '3', '2022-12-20 07:21:45', NULL),
(4322, 179, 2022, 30, 153, 72, 1, '3', '2022-12-20 07:21:45', NULL),
(4323, 180, 2022, 30, 153, 40, 1, '3', '2022-12-20 07:21:45', NULL),
(4324, 181, 2022, 30, 153, 50, 1, '3', '2022-12-20 07:21:45', NULL),
(4325, 182, 2022, 30, 153, 20, 1, '3', '2022-12-20 07:21:45', NULL),
(4326, 183, 2022, 30, 153, 30, 1, '3', '2022-12-20 07:21:45', NULL),
(4327, 185, 2022, 30, 153, 30, 1, '3', '2022-12-20 07:21:45', NULL),
(4328, 186, 2022, 30, 153, 35, 1, '3', '2022-12-20 07:21:45', NULL),
(4329, 187, 2022, 30, 153, 45, 1, '3', '2022-12-20 07:21:45', NULL),
(4330, 188, 2022, 30, 153, 10, 1, '3', '2022-12-20 07:21:45', NULL),
(4331, 189, 2022, 30, 153, 30, 1, '3', '2022-12-20 07:21:45', NULL),
(4332, 190, 2022, 30, 153, 30, 1, '3', '2022-12-20 07:21:45', NULL),
(4333, 191, 2022, 30, 153, 67, 1, '3', '2022-12-20 07:21:45', NULL),
(4334, 192, 2022, 30, 153, 42, 1, '3', '2022-12-20 07:21:45', NULL),
(4335, 193, 2022, 30, 153, 78, 1, '3', '2022-12-20 07:21:45', NULL),
(4336, 194, 2022, 30, 153, 30, 1, '3', '2022-12-20 07:21:45', NULL),
(4337, 195, 2022, 30, 153, 35, 1, '3', '2022-12-20 07:21:45', NULL),
(4338, 196, 2022, 30, 153, 30, 1, '3', '2022-12-20 07:21:45', NULL),
(4339, 197, 2022, 30, 153, 70, 1, '3', '2022-12-20 07:21:45', NULL),
(4340, 198, 2022, 30, 153, 20, 1, '3', '2022-12-20 07:21:45', NULL),
(4341, 199, 2022, 30, 153, 30, 1, '3', '2022-12-20 07:21:45', NULL),
(4342, 200, 2022, 30, 153, 55, 1, '3', '2022-12-20 07:21:45', NULL),
(4343, 201, 2022, 30, 153, 35, 1, '3', '2022-12-20 07:21:45', NULL),
(4344, 202, 2022, 30, 153, 45, 1, '3', '2022-12-20 07:21:45', NULL),
(4345, 203, 2022, 30, 153, 54, 1, '3', '2022-12-20 07:21:45', NULL),
(4346, 204, 2022, 30, 153, 40, 1, '3', '2022-12-20 07:21:45', NULL),
(4347, 205, 2022, 30, 153, 35, 1, '3', '2022-12-20 07:21:45', NULL),
(4348, 206, 2022, 30, 153, 35, 1, '3', '2022-12-20 07:21:45', NULL),
(4349, 207, 2022, 30, 153, 24, 1, '3', '2022-12-20 07:21:45', NULL),
(4350, 209, 2022, 30, 153, 30, 1, '3', '2022-12-20 07:21:45', NULL),
(4351, 210, 2022, 30, 153, 45, 1, '3', '2022-12-20 07:21:45', NULL),
(4352, 211, 2022, 30, 153, 30, 1, '3', '2022-12-20 07:21:45', NULL),
(4353, 212, 2022, 30, 153, 45, 1, '3', '2022-12-20 07:21:45', NULL),
(4354, 213, 2022, 30, 153, 53, 1, '3', '2022-12-20 07:21:45', NULL),
(4355, 214, 2022, 30, 153, 40, 1, '3', '2022-12-20 07:21:45', NULL),
(4356, 215, 2022, 30, 153, 30, 1, '3', '2022-12-20 07:21:45', NULL),
(4357, 216, 2022, 30, 153, 42, 1, '3', '2022-12-20 07:21:45', NULL),
(4358, 217, 2022, 30, 153, 30, 1, '3', '2022-12-20 07:21:45', NULL),
(4359, 218, 2022, 30, 153, 42, 1, '3', '2022-12-20 07:21:45', NULL),
(4360, 219, 2022, 30, 153, 30, 1, '3', '2022-12-20 07:21:45', NULL),
(4361, 220, 2022, 30, 153, 35, 1, '3', '2022-12-20 07:21:45', NULL),
(4362, 221, 2022, 30, 153, 58, 1, '3', '2022-12-20 07:21:45', NULL),
(4363, 222, 2022, 30, 153, 25, 1, '3', '2022-12-20 07:21:45', NULL),
(4364, 223, 2022, 30, 153, 40, 1, '3', '2022-12-20 07:21:45', NULL),
(4365, 224, 2022, 30, 153, 47, 1, '3', '2022-12-20 07:21:45', NULL),
(4366, 225, 2022, 30, 153, 45, 1, '3', '2022-12-20 07:21:45', NULL),
(4367, 226, 2022, 30, 153, 40, 1, '3', '2022-12-20 07:21:45', NULL),
(4368, 227, 2022, 30, 153, 39, 1, '3', '2022-12-20 07:21:45', NULL),
(4369, 228, 2022, 30, 153, 25, 1, '3', '2022-12-20 07:21:45', NULL),
(4370, 229, 2022, 30, 153, 52, 1, '3', '2022-12-20 07:21:45', NULL),
(4371, 230, 2022, 30, 153, 52, 1, '3', '2022-12-20 07:21:45', NULL),
(4372, 231, 2022, 30, 153, 25, 1, '3', '2022-12-20 07:21:45', NULL),
(4373, 232, 2022, 30, 153, 52, 1, '3', '2022-12-20 07:21:45', NULL),
(4374, 233, 2022, 30, 153, 52, 1, '3', '2022-12-20 07:21:45', NULL),
(4375, 234, 2022, 30, 153, 40, 1, '3', '2022-12-20 07:21:45', NULL),
(4376, 235, 2022, 30, 153, 76, 1, '3', '2022-12-20 07:21:45', NULL),
(4377, 236, 2022, 30, 153, 63, 1, '3', '2022-12-20 07:21:45', NULL),
(4378, 237, 2022, 30, 153, 40, 1, '3', '2022-12-20 07:21:45', NULL),
(4379, 238, 2022, 30, 153, 40, 1, '3', '2022-12-20 07:21:45', NULL),
(4380, 239, 2022, 30, 153, 60, 1, '3', '2022-12-20 07:21:45', NULL),
(4381, 241, 2022, 30, 153, 70, 1, '3', '2022-12-20 07:21:45', NULL),
(4382, 242, 2022, 30, 153, 67, 1, '3', '2022-12-20 07:21:45', NULL),
(4383, 243, 2022, 30, 153, 72, 1, '3', '2022-12-20 07:21:45', NULL),
(4384, 132, 2022, 28, 111, 10, 1, '3', '2022-12-20 07:22:16', NULL),
(4385, 133, 2022, 28, 111, 25, 1, '3', '2022-12-20 07:22:16', NULL),
(4386, 134, 2022, 28, 111, 22, 1, '3', '2022-12-20 07:22:16', NULL),
(4387, 135, 2022, 28, 111, 25, 1, '3', '2022-12-20 07:22:16', NULL),
(4388, 136, 2022, 28, 111, 8, 1, '3', '2022-12-20 07:22:16', NULL),
(4389, 137, 2022, 28, 111, 23, 1, '3', '2022-12-20 07:22:16', NULL),
(4390, 138, 2022, 28, 111, 23, 1, '3', '2022-12-20 07:22:16', NULL),
(4391, 139, 2022, 28, 111, 19, 1, '3', '2022-12-20 07:22:16', NULL),
(4392, 140, 2022, 28, 111, 10, 1, '3', '2022-12-20 07:22:16', NULL),
(4393, 141, 2022, 28, 111, 20, 1, '3', '2022-12-20 07:22:16', NULL),
(4394, 142, 2022, 28, 111, 17, 1, '3', '2022-12-20 07:22:16', NULL),
(4395, 143, 2022, 28, 111, 26, 1, '3', '2022-12-20 07:22:16', NULL),
(4396, 144, 2022, 28, 111, 17, 1, '3', '2022-12-20 07:22:16', NULL),
(4397, 145, 2022, 28, 111, 28, 1, '3', '2022-12-20 07:22:16', NULL),
(4398, 146, 2022, 28, 111, 13, 1, '3', '2022-12-20 07:22:16', NULL),
(4399, 147, 2022, 28, 111, 17, 1, '3', '2022-12-20 07:22:16', NULL),
(4400, 148, 2022, 28, 111, 17, 1, '3', '2022-12-20 07:22:16', NULL),
(4401, 149, 2022, 28, 111, 12, 1, '3', '2022-12-20 07:22:16', NULL),
(4402, 150, 2022, 28, 111, 10, 1, '3', '2022-12-20 07:22:16', NULL),
(4403, 151, 2022, 28, 111, 23, 1, '3', '2022-12-20 07:22:16', NULL),
(4404, 152, 2022, 28, 111, 7, 1, '3', '2022-12-20 07:22:16', NULL),
(4405, 153, 2022, 28, 111, 29, 1, '3', '2022-12-20 07:22:16', NULL),
(4406, 154, 2022, 28, 111, 22, 1, '3', '2022-12-20 07:22:16', NULL),
(4407, 155, 2022, 28, 111, 19, 1, '3', '2022-12-20 07:22:16', NULL),
(4408, 156, 2022, 28, 111, 27, 1, '3', '2022-12-20 07:22:16', NULL),
(4409, 157, 2022, 28, 111, 30, 1, '3', '2022-12-20 07:22:16', NULL),
(4410, 158, 2022, 28, 111, 23, 1, '3', '2022-12-20 07:22:16', NULL),
(4411, 159, 2022, 28, 111, 19, 1, '3', '2022-12-20 07:22:16', NULL),
(4412, 160, 2022, 28, 111, 22, 1, '3', '2022-12-20 07:22:16', NULL),
(4413, 161, 2022, 28, 111, 24, 1, '3', '2022-12-20 07:22:16', NULL),
(4414, 162, 2022, 28, 111, 26, 1, '3', '2022-12-20 07:22:16', NULL),
(4415, 163, 2022, 28, 111, 26, 1, '3', '2022-12-20 07:22:16', NULL),
(4416, 164, 2022, 28, 111, 10, 1, '3', '2022-12-20 07:22:16', NULL),
(4417, 165, 2022, 28, 111, 20, 1, '3', '2022-12-20 07:22:16', NULL),
(4418, 166, 2022, 28, 111, 13, 1, '3', '2022-12-20 07:22:16', NULL),
(4419, 167, 2022, 28, 111, 19, 1, '3', '2022-12-20 07:22:16', NULL),
(4420, 168, 2022, 28, 111, 10, 1, '3', '2022-12-20 07:22:16', NULL),
(4421, 169, 2022, 28, 111, 20, 1, '3', '2022-12-20 07:22:16', NULL),
(4422, 170, 2022, 28, 111, 12, 1, '3', '2022-12-20 07:22:16', NULL),
(4423, 171, 2022, 28, 111, 20, 1, '3', '2022-12-20 07:22:16', NULL),
(4424, 172, 2022, 28, 111, 12, 1, '3', '2022-12-20 07:22:16', NULL),
(4425, 173, 2022, 28, 111, 13, 1, '3', '2022-12-20 07:22:16', NULL),
(4426, 174, 2022, 30, 156, 70, 1, '1', '2022-12-20 07:38:02', NULL),
(4427, 175, 2022, 30, 156, 92, 1, '1', '2022-12-20 07:38:02', NULL),
(4428, 176, 2022, 30, 156, 54, 1, '1', '2022-12-20 07:38:02', NULL),
(4429, 178, 2022, 30, 156, 52, 1, '1', '2022-12-20 07:38:02', NULL),
(4430, 179, 2022, 30, 156, 95, 1, '1', '2022-12-20 07:38:02', NULL),
(4431, 180, 2022, 30, 156, 83, 1, '1', '2022-12-20 07:38:02', NULL),
(4432, 182, 2022, 30, 156, 36, 1, '1', '2022-12-20 07:38:02', NULL),
(4433, 183, 2022, 30, 156, 62, 1, '1', '2022-12-20 07:38:02', NULL),
(4434, 184, 2022, 30, 156, 75, 1, '1', '2022-12-20 07:38:02', NULL),
(4435, 186, 2022, 30, 156, 50, 1, '1', '2022-12-20 07:38:02', NULL),
(4436, 187, 2022, 30, 156, 75, 1, '1', '2022-12-20 07:38:02', NULL),
(4437, 188, 2022, 30, 156, 55, 1, '1', '2022-12-20 07:38:02', NULL),
(4438, 190, 2022, 30, 156, 67, 1, '1', '2022-12-20 07:38:02', NULL),
(4439, 191, 2022, 30, 156, 84, 1, '1', '2022-12-20 07:38:02', NULL),
(4440, 192, 2022, 30, 156, 77, 1, '1', '2022-12-20 07:38:02', NULL),
(4441, 193, 2022, 30, 156, 102, 1, '1', '2022-12-20 07:38:02', NULL),
(4442, 194, 2022, 30, 156, 68, 1, '1', '2022-12-20 07:38:02', NULL),
(4443, 195, 2022, 30, 156, 52, 1, '1', '2022-12-20 07:38:02', NULL),
(4444, 196, 2022, 30, 156, 64, 1, '1', '2022-12-20 07:38:02', NULL),
(4445, 197, 2022, 30, 156, 83, 1, '1', '2022-12-20 07:38:02', NULL),
(4446, 198, 2022, 30, 156, 73, 1, '1', '2022-12-20 07:38:02', NULL),
(4447, 199, 2022, 30, 156, 65, 1, '1', '2022-12-20 07:38:02', NULL),
(4448, 200, 2022, 30, 156, 60, 1, '1', '2022-12-20 07:38:02', NULL),
(4449, 201, 2022, 30, 156, 73, 1, '1', '2022-12-20 07:38:02', NULL),
(4450, 202, 2022, 30, 156, 84, 1, '1', '2022-12-20 07:38:02', NULL),
(4451, 203, 2022, 30, 156, 92, 1, '1', '2022-12-20 07:38:02', NULL),
(4452, 204, 2022, 30, 156, 65, 1, '1', '2022-12-20 07:38:02', NULL),
(4453, 205, 2022, 30, 156, 60, 1, '1', '2022-12-20 07:38:02', NULL),
(4454, 206, 2022, 30, 156, 67, 1, '1', '2022-12-20 07:38:02', NULL),
(4455, 207, 2022, 30, 156, 84, 1, '1', '2022-12-20 07:38:02', NULL),
(4456, 209, 2022, 30, 156, 84, 1, '1', '2022-12-20 07:38:02', NULL),
(4457, 210, 2022, 30, 156, 66, 1, '1', '2022-12-20 07:38:02', NULL),
(4458, 211, 2022, 30, 156, 67, 1, '1', '2022-12-20 07:38:02', NULL),
(4459, 212, 2022, 30, 156, 69, 1, '1', '2022-12-20 07:38:02', NULL),
(4460, 213, 2022, 30, 156, 81, 1, '1', '2022-12-20 07:38:02', NULL),
(4461, 214, 2022, 30, 156, 77, 1, '1', '2022-12-20 07:38:02', NULL),
(4462, 215, 2022, 30, 156, 88, 1, '1', '2022-12-20 07:38:02', NULL),
(4463, 216, 2022, 30, 156, 88, 1, '1', '2022-12-20 07:38:02', NULL),
(4464, 217, 2022, 30, 156, 70, 1, '1', '2022-12-20 07:38:02', NULL),
(4465, 218, 2022, 30, 156, 73, 1, '1', '2022-12-20 07:38:02', NULL),
(4466, 220, 2022, 30, 156, 59, 1, '1', '2022-12-20 07:38:02', NULL),
(4467, 222, 2022, 30, 156, 62, 1, '1', '2022-12-20 07:38:02', NULL),
(4468, 223, 2022, 30, 156, 66, 1, '1', '2022-12-20 07:38:02', NULL),
(4469, 224, 2022, 30, 156, 80, 1, '1', '2022-12-20 07:38:02', NULL),
(4470, 225, 2022, 30, 156, 78, 1, '1', '2022-12-20 07:38:02', NULL),
(4471, 226, 2022, 30, 156, 82, 1, '1', '2022-12-20 07:38:02', NULL),
(4472, 227, 2022, 30, 156, 57, 1, '1', '2022-12-20 07:38:02', NULL),
(4473, 228, 2022, 30, 156, 64, 1, '1', '2022-12-20 07:38:02', NULL),
(4474, 229, 2022, 30, 156, 67, 1, '1', '2022-12-20 07:38:02', NULL),
(4475, 230, 2022, 30, 156, 83, 1, '1', '2022-12-20 07:38:02', NULL),
(4476, 231, 2022, 30, 156, 60, 1, '1', '2022-12-20 07:38:02', NULL),
(4477, 232, 2022, 30, 156, 78, 1, '1', '2022-12-20 07:38:02', NULL),
(4478, 233, 2022, 30, 156, 53, 1, '1', '2022-12-20 07:38:02', NULL),
(4479, 234, 2022, 30, 156, 56, 1, '1', '2022-12-20 07:38:02', NULL),
(4480, 235, 2022, 30, 156, 95, 1, '1', '2022-12-20 07:38:02', NULL),
(4481, 236, 2022, 30, 156, 73, 1, '1', '2022-12-20 07:38:02', NULL),
(4482, 237, 2022, 30, 156, 50, 1, '1', '2022-12-20 07:38:02', NULL),
(4483, 238, 2022, 30, 156, 54, 1, '1', '2022-12-20 07:38:02', NULL),
(4484, 239, 2022, 30, 156, 94, 1, '1', '2022-12-20 07:38:02', NULL),
(4485, 241, 2022, 30, 156, 94, 1, '1', '2022-12-20 07:38:02', NULL),
(4486, 243, 2022, 30, 156, 75, 1, '1', '2022-12-20 07:38:02', NULL),
(4487, 242, 2022, 30, 156, 85, 1, '1', '2022-12-20 07:39:05', NULL),
(4488, 174, 2022, 30, 156, 46, 1, '3', '2022-12-20 07:50:04', NULL),
(4489, 175, 2022, 30, 156, 85, 1, '3', '2022-12-20 07:50:04', NULL),
(4490, 176, 2022, 30, 156, 30, 1, '3', '2022-12-20 07:50:04', NULL),
(4491, 177, 2022, 30, 156, 30, 1, '3', '2022-12-20 07:50:04', NULL),
(4492, 179, 2022, 30, 156, 81, 1, '3', '2022-12-20 07:50:04', NULL),
(4493, 180, 2022, 30, 156, 75, 1, '3', '2022-12-20 07:50:04', NULL),
(4494, 181, 2022, 30, 156, 45, 1, '3', '2022-12-20 07:50:04', NULL),
(4495, 182, 2022, 30, 156, 35, 1, '3', '2022-12-20 07:50:04', NULL),
(4496, 183, 2022, 30, 156, 40, 1, '3', '2022-12-20 07:50:04', NULL),
(4497, 185, 2022, 30, 156, 81, 1, '3', '2022-12-20 07:50:04', NULL),
(4498, 184, 2022, 30, 156, 30, 1, '3', '2022-12-20 07:50:04', NULL),
(4499, 187, 2022, 30, 156, 55, 1, '3', '2022-12-20 07:50:04', NULL),
(4500, 188, 2022, 30, 156, 35, 1, '3', '2022-12-20 07:50:04', NULL),
(4501, 189, 2022, 30, 156, 40, 1, '3', '2022-12-20 07:50:04', NULL),
(4502, 190, 2022, 30, 156, 60, 1, '3', '2022-12-20 07:50:04', NULL),
(4503, 191, 2022, 30, 156, 80, 1, '3', '2022-12-20 07:50:04', NULL),
(4504, 192, 2022, 30, 156, 45, 1, '3', '2022-12-20 07:50:04', NULL),
(4505, 193, 2022, 30, 156, 94, 1, '3', '2022-12-20 07:50:04', NULL),
(4506, 194, 2022, 30, 156, 45, 1, '3', '2022-12-20 07:50:04', NULL),
(4507, 195, 2022, 30, 156, 65, 1, '3', '2022-12-20 07:50:04', NULL),
(4508, 196, 2022, 30, 156, 65, 1, '3', '2022-12-20 07:50:04', NULL),
(4509, 197, 2022, 30, 156, 90, 1, '3', '2022-12-20 07:50:04', NULL),
(4510, 198, 2022, 30, 156, 30, 1, '3', '2022-12-20 07:50:04', NULL),
(4511, 199, 2022, 30, 156, 30, 1, '3', '2022-12-20 07:50:04', NULL),
(4512, 200, 2022, 30, 156, 60, 1, '3', '2022-12-20 07:50:04', NULL),
(4513, 201, 2022, 30, 156, 45, 1, '3', '2022-12-20 07:50:04', NULL),
(4514, 202, 2022, 30, 156, 50, 1, '3', '2022-12-20 07:50:04', NULL),
(4515, 203, 2022, 30, 156, 50, 1, '3', '2022-12-20 07:50:04', NULL),
(4516, 204, 2022, 30, 156, 50, 1, '3', '2022-12-20 07:50:04', NULL),
(4517, 205, 2022, 30, 156, 45, 1, '3', '2022-12-20 07:50:04', NULL),
(4518, 206, 2022, 30, 156, 45, 1, '3', '2022-12-20 07:50:04', NULL),
(4519, 207, 2022, 30, 156, 50, 1, '3', '2022-12-20 07:50:04', NULL),
(4520, 209, 2022, 30, 156, 30, 1, '3', '2022-12-20 07:50:04', NULL),
(4521, 210, 2022, 30, 156, 51, 1, '3', '2022-12-20 07:50:04', NULL),
(4522, 211, 2022, 30, 156, 45, 1, '3', '2022-12-20 07:50:04', NULL),
(4523, 212, 2022, 30, 156, 50, 1, '3', '2022-12-20 07:50:04', NULL),
(4524, 213, 2022, 30, 156, 35, 1, '3', '2022-12-20 07:50:04', NULL),
(4525, 214, 2022, 30, 156, 48, 1, '3', '2022-12-20 07:50:04', NULL),
(4526, 215, 2022, 30, 156, 30, 1, '3', '2022-12-20 07:50:04', NULL),
(4527, 216, 2022, 30, 156, 60, 1, '3', '2022-12-20 07:50:04', NULL),
(4528, 217, 2022, 30, 156, 55, 1, '3', '2022-12-20 07:50:04', NULL),
(4529, 218, 2022, 30, 156, 40, 1, '3', '2022-12-20 07:50:04', NULL),
(4530, 219, 2022, 30, 156, 30, 1, '3', '2022-12-20 07:50:04', NULL),
(4531, 220, 2022, 30, 156, 30, 1, '3', '2022-12-20 07:50:04', NULL),
(4532, 221, 2022, 30, 156, 65, 1, '3', '2022-12-20 07:50:04', NULL),
(4533, 222, 2022, 30, 156, 50, 1, '3', '2022-12-20 07:50:04', NULL),
(4534, 223, 2022, 30, 156, 50, 1, '3', '2022-12-20 07:50:04', NULL),
(4535, 224, 2022, 30, 156, 65, 1, '3', '2022-12-20 07:50:04', NULL),
(4536, 225, 2022, 30, 156, 60, 1, '3', '2022-12-20 07:50:04', NULL),
(4537, 226, 2022, 30, 156, 75, 1, '3', '2022-12-20 07:50:04', NULL),
(4538, 227, 2022, 30, 156, 52, 1, '3', '2022-12-20 07:50:04', NULL),
(4539, 228, 2022, 30, 156, 50, 1, '3', '2022-12-20 07:50:04', NULL),
(4540, 229, 2022, 30, 156, 52, 1, '3', '2022-12-20 07:50:04', NULL),
(4541, 230, 2022, 30, 156, 50, 1, '3', '2022-12-20 07:50:04', NULL),
(4542, 231, 2022, 30, 156, 40, 1, '3', '2022-12-20 07:50:04', NULL),
(4543, 232, 2022, 30, 156, 62, 1, '3', '2022-12-20 07:50:04', NULL),
(4544, 233, 2022, 30, 156, 50, 1, '3', '2022-12-20 07:50:04', NULL),
(4545, 234, 2022, 30, 156, 56, 1, '3', '2022-12-20 07:50:04', NULL),
(4546, 235, 2022, 30, 156, 45, 1, '3', '2022-12-20 07:50:04', NULL),
(4547, 236, 2022, 30, 156, 40, 1, '3', '2022-12-20 07:50:04', NULL),
(4548, 237, 2022, 30, 156, 55, 1, '3', '2022-12-20 07:50:04', NULL),
(4549, 238, 2022, 30, 156, 52, 1, '3', '2022-12-20 07:50:04', NULL),
(4550, 239, 2022, 30, 156, 75, 1, '3', '2022-12-20 07:50:04', NULL),
(4551, 241, 2022, 30, 156, 81, 1, '3', '2022-12-20 07:50:04', NULL),
(4552, 242, 2022, 30, 156, 71, 1, '3', '2022-12-20 07:50:04', NULL),
(4553, 243, 2022, 30, 156, 71, 1, '3', '2022-12-20 07:50:04', NULL),
(4554, 132, 2022, 28, 118, 95, 1, '3', '2022-12-20 07:51:28', NULL),
(4555, 133, 2022, 28, 118, 80, 1, '3', '2022-12-20 07:51:28', NULL),
(4556, 134, 2022, 28, 118, 95, 1, '3', '2022-12-20 07:51:28', NULL),
(4557, 135, 2022, 28, 118, 85, 1, '3', '2022-12-20 07:51:28', NULL),
(4558, 136, 2022, 28, 118, 95, 1, '3', '2022-12-20 07:51:28', NULL),
(4559, 137, 2022, 28, 118, 80, 1, '3', '2022-12-20 07:51:28', NULL),
(4560, 138, 2022, 28, 118, 95, 1, '3', '2022-12-20 07:51:28', NULL),
(4561, 139, 2022, 28, 118, 60, 1, '3', '2022-12-20 07:51:28', NULL),
(4562, 140, 2022, 28, 118, 95, 1, '3', '2022-12-20 07:51:28', NULL),
(4563, 141, 2022, 28, 118, 65, 1, '3', '2022-12-20 07:51:28', NULL),
(4564, 142, 2022, 28, 118, 80, 1, '3', '2022-12-20 07:51:28', NULL),
(4565, 143, 2022, 28, 118, 65, 1, '3', '2022-12-20 07:51:28', NULL),
(4566, 144, 2022, 28, 118, 70, 1, '3', '2022-12-20 07:51:28', NULL),
(4567, 145, 2022, 28, 118, 85, 1, '3', '2022-12-20 07:51:28', NULL),
(4568, 146, 2022, 28, 118, 90, 1, '3', '2022-12-20 07:51:28', NULL),
(4569, 147, 2022, 28, 118, 90, 1, '3', '2022-12-20 07:51:28', NULL),
(4570, 148, 2022, 28, 118, 95, 1, '3', '2022-12-20 07:51:28', NULL),
(4571, 149, 2022, 28, 118, 95, 1, '3', '2022-12-20 07:51:28', NULL),
(4572, 150, 2022, 28, 118, 95, 1, '3', '2022-12-20 07:51:28', NULL),
(4573, 151, 2022, 28, 118, 80, 1, '3', '2022-12-20 07:51:28', NULL),
(4574, 152, 2022, 28, 118, 85, 1, '3', '2022-12-20 07:51:28', NULL),
(4575, 153, 2022, 28, 118, 85, 1, '3', '2022-12-20 07:51:28', NULL),
(4576, 154, 2022, 28, 118, 75, 1, '3', '2022-12-20 07:51:28', NULL),
(4577, 155, 2022, 28, 118, 95, 1, '3', '2022-12-20 07:51:28', NULL),
(4578, 156, 2022, 28, 118, 85, 1, '3', '2022-12-20 07:51:28', NULL),
(4579, 157, 2022, 28, 118, 90, 1, '3', '2022-12-20 07:51:28', NULL),
(4580, 158, 2022, 28, 118, 85, 1, '3', '2022-12-20 07:51:28', NULL),
(4581, 159, 2022, 28, 118, 95, 1, '3', '2022-12-20 07:51:28', NULL),
(4582, 160, 2022, 28, 118, 75, 1, '3', '2022-12-20 07:51:28', NULL),
(4583, 161, 2022, 28, 118, 90, 1, '3', '2022-12-20 07:51:28', NULL),
(4584, 162, 2022, 28, 118, 70, 1, '3', '2022-12-20 07:51:28', NULL),
(4585, 163, 2022, 28, 118, 95, 1, '3', '2022-12-20 07:51:28', NULL),
(4586, 164, 2022, 28, 118, 95, 1, '3', '2022-12-20 07:51:28', NULL),
(4587, 165, 2022, 28, 118, 55, 1, '3', '2022-12-20 07:51:28', NULL),
(4588, 166, 2022, 28, 118, 50, 1, '3', '2022-12-20 07:51:28', NULL),
(4589, 167, 2022, 28, 118, 90, 1, '3', '2022-12-20 07:51:28', NULL),
(4590, 168, 2022, 28, 118, 95, 1, '3', '2022-12-20 07:51:28', NULL),
(4591, 169, 2022, 28, 118, 95, 1, '3', '2022-12-20 07:51:28', NULL),
(4592, 170, 2022, 28, 118, 80, 1, '3', '2022-12-20 07:51:28', NULL),
(4593, 171, 2022, 28, 118, 75, 1, '3', '2022-12-20 07:51:28', NULL),
(4594, 172, 2022, 28, 118, 75, 1, '3', '2022-12-20 07:51:28', NULL),
(4595, 173, 2022, 28, 118, 95, 1, '3', '2022-12-20 07:51:28', NULL),
(4596, 378, 2022, 34, 60, 40, 1, '1', '2022-12-20 08:26:30', NULL),
(4597, 174, 2022, 30, 159, 85, 1, '1', '2022-12-20 08:34:21', NULL),
(4598, 183, 2022, 30, 159, 52, 1, '1', '2022-12-20 08:34:21', NULL),
(4599, 184, 2022, 30, 159, 43, 1, '1', '2022-12-20 08:34:21', NULL),
(4600, 185, 2022, 30, 159, 63, 1, '1', '2022-12-20 08:34:21', NULL),
(4601, 186, 2022, 30, 159, 35, 1, '1', '2022-12-20 08:34:21', NULL),
(4602, 187, 2022, 30, 159, 87, 1, '1', '2022-12-20 08:34:21', NULL),
(4603, 188, 2022, 30, 159, 32, 1, '1', '2022-12-20 08:34:21', NULL),
(4604, 189, 2022, 30, 159, 30, 1, '1', '2022-12-20 08:34:21', NULL),
(4605, 190, 2022, 30, 159, 71, 1, '1', '2022-12-20 08:34:21', NULL),
(4606, 191, 2022, 30, 159, 75, 1, '1', '2022-12-20 08:34:21', NULL),
(4607, 192, 2022, 30, 159, 45, 1, '1', '2022-12-20 08:34:21', NULL),
(4608, 175, 2022, 30, 159, 80, 1, '1', '2022-12-20 08:34:21', NULL),
(4609, 193, 2022, 30, 159, 82, 1, '1', '2022-12-20 08:34:21', NULL),
(4610, 194, 2022, 30, 159, 50, 1, '1', '2022-12-20 08:34:21', NULL),
(4611, 195, 2022, 30, 159, 45, 1, '1', '2022-12-20 08:34:21', NULL),
(4612, 196, 2022, 30, 159, 40, 1, '1', '2022-12-20 08:34:21', NULL),
(4613, 197, 2022, 30, 159, 59, 1, '1', '2022-12-20 08:34:21', NULL),
(4614, 198, 2022, 30, 159, 64, 1, '1', '2022-12-20 08:34:21', NULL),
(4615, 199, 2022, 30, 159, 67, 1, '1', '2022-12-20 08:34:21', NULL),
(4616, 200, 2022, 30, 159, 50, 1, '1', '2022-12-20 08:34:21', NULL),
(4617, 201, 2022, 30, 159, 40, 1, '1', '2022-12-20 08:34:21', NULL),
(4618, 202, 2022, 30, 159, 71, 1, '1', '2022-12-20 08:34:21', NULL),
(4619, 176, 2022, 30, 159, 27, 1, '1', '2022-12-20 08:34:21', NULL),
(4620, 203, 2022, 30, 159, 74, 1, '1', '2022-12-20 08:34:21', NULL),
(4621, 204, 2022, 30, 159, 72, 1, '1', '2022-12-20 08:34:21', NULL),
(4622, 206, 2022, 30, 159, 32, 1, '1', '2022-12-20 08:34:21', NULL),
(4623, 207, 2022, 30, 159, 44, 1, '1', '2022-12-20 08:34:21', NULL),
(4624, 209, 2022, 30, 159, 35, 1, '1', '2022-12-20 08:34:21', NULL),
(4625, 210, 2022, 30, 159, 62, 1, '1', '2022-12-20 08:34:21', NULL),
(4626, 211, 2022, 30, 159, 40, 1, '1', '2022-12-20 08:34:21', NULL),
(4627, 212, 2022, 30, 159, 80, 1, '1', '2022-12-20 08:34:21', NULL),
(4628, 177, 2022, 30, 159, 36, 1, '1', '2022-12-20 08:34:21', NULL),
(4629, 213, 2022, 30, 159, 70, 1, '1', '2022-12-20 08:34:21', NULL),
(4630, 214, 2022, 30, 159, 70, 1, '1', '2022-12-20 08:34:21', NULL),
(4631, 215, 2022, 30, 159, 73, 1, '1', '2022-12-20 08:34:21', NULL),
(4632, 216, 2022, 30, 159, 40, 1, '1', '2022-12-20 08:34:21', NULL),
(4633, 217, 2022, 30, 159, 45, 1, '1', '2022-12-20 08:34:21', NULL),
(4634, 219, 2022, 30, 159, 30, 1, '1', '2022-12-20 08:34:21', NULL),
(4635, 220, 2022, 30, 159, 60, 1, '1', '2022-12-20 08:34:21', NULL),
(4636, 221, 2022, 30, 159, 72, 1, '1', '2022-12-20 08:34:21', NULL),
(4637, 222, 2022, 30, 159, 54, 1, '1', '2022-12-20 08:34:21', NULL),
(4638, 178, 2022, 30, 159, 40, 1, '1', '2022-12-20 08:34:21', NULL),
(4639, 223, 2022, 30, 159, 77, 1, '1', '2022-12-20 08:34:21', NULL),
(4640, 224, 2022, 30, 159, 48, 1, '1', '2022-12-20 08:34:21', NULL),
(4641, 225, 2022, 30, 159, 71, 1, '1', '2022-12-20 08:34:21', NULL),
(4642, 226, 2022, 30, 159, 60, 1, '1', '2022-12-20 08:34:21', NULL),
(4643, 227, 2022, 30, 159, 56, 1, '1', '2022-12-20 08:34:21', NULL),
(4644, 228, 2022, 30, 159, 42, 1, '1', '2022-12-20 08:34:21', NULL),
(4645, 229, 2022, 30, 159, 35, 1, '1', '2022-12-20 08:34:21', NULL),
(4646, 230, 2022, 30, 159, 40, 1, '1', '2022-12-20 08:34:21', NULL),
(4647, 231, 2022, 30, 159, 42, 1, '1', '2022-12-20 08:34:21', NULL),
(4648, 232, 2022, 30, 159, 60, 1, '1', '2022-12-20 08:34:21', NULL),
(4649, 179, 2022, 30, 159, 83, 1, '1', '2022-12-20 08:34:21', NULL),
(4650, 233, 2022, 30, 159, 74, 1, '1', '2022-12-20 08:34:21', NULL),
(4651, 234, 2022, 30, 159, 56, 1, '1', '2022-12-20 08:34:21', NULL),
(4652, 235, 2022, 30, 159, 84, 1, '1', '2022-12-20 08:34:21', NULL),
(4653, 236, 2022, 30, 159, 77, 1, '1', '2022-12-20 08:34:21', NULL),
(4654, 237, 2022, 30, 159, 45, 1, '1', '2022-12-20 08:34:21', NULL),
(4655, 239, 2022, 30, 159, 83, 1, '1', '2022-12-20 08:34:21', NULL),
(4656, 241, 2022, 30, 159, 88, 1, '1', '2022-12-20 08:34:21', NULL),
(4657, 242, 2022, 30, 159, 78, 1, '1', '2022-12-20 08:34:21', NULL),
(4658, 180, 2022, 30, 159, 70, 1, '1', '2022-12-20 08:34:21', NULL),
(4659, 243, 2022, 30, 159, 40, 1, '1', '2022-12-20 08:34:21', NULL),
(4660, 181, 2022, 30, 159, 68, 1, '1', '2022-12-20 08:34:21', NULL),
(4661, 182, 2022, 30, 159, 52, 1, '1', '2022-12-20 08:34:21', NULL),
(4662, 174, 2022, 30, 158, 85, 1, '1', '2022-12-20 09:01:40', NULL),
(4663, 175, 2022, 30, 158, 80, 1, '1', '2022-12-20 09:01:40', NULL),
(4664, 176, 2022, 30, 158, 27, 1, '1', '2022-12-20 09:01:40', NULL),
(4665, 177, 2022, 30, 158, 36, 1, '1', '2022-12-20 09:01:40', NULL),
(4666, 178, 2022, 30, 158, 40, 1, '1', '2022-12-20 09:01:40', NULL),
(4667, 179, 2022, 30, 158, 83, 1, '1', '2022-12-20 09:01:40', NULL),
(4668, 180, 2022, 30, 158, 71, 1, '1', '2022-12-20 09:01:40', NULL),
(4669, 181, 2022, 30, 158, 68, 1, '1', '2022-12-20 09:01:40', NULL),
(4670, 182, 2022, 30, 158, 52, 1, '1', '2022-12-20 09:01:40', NULL),
(4671, 183, 2022, 30, 158, 52, 1, '1', '2022-12-20 09:01:40', NULL),
(4672, 185, 2022, 30, 158, 63, 1, '1', '2022-12-20 09:01:40', NULL),
(4673, 184, 2022, 30, 158, 45, 1, '1', '2022-12-20 09:01:40', NULL),
(4674, 186, 2022, 30, 158, 35, 1, '1', '2022-12-20 09:01:40', NULL),
(4675, 187, 2022, 30, 158, 87, 1, '1', '2022-12-20 09:01:40', NULL),
(4676, 188, 2022, 30, 158, 25, 1, '1', '2022-12-20 09:01:40', NULL),
(4677, 189, 2022, 30, 158, 30, 1, '1', '2022-12-20 09:01:40', NULL),
(4678, 190, 2022, 30, 158, 71, 1, '1', '2022-12-20 09:01:40', NULL),
(4679, 191, 2022, 30, 158, 75, 1, '1', '2022-12-20 09:01:40', NULL),
(4680, 192, 2022, 30, 158, 45, 1, '1', '2022-12-20 09:01:40', NULL),
(4681, 193, 2022, 30, 158, 82, 1, '1', '2022-12-20 09:01:40', NULL),
(4682, 194, 2022, 30, 158, 50, 1, '1', '2022-12-20 09:01:40', NULL),
(4683, 195, 2022, 30, 158, 45, 1, '1', '2022-12-20 09:01:40', NULL),
(4684, 196, 2022, 30, 158, 40, 1, '1', '2022-12-20 09:01:40', NULL),
(4685, 197, 2022, 30, 158, 54, 1, '1', '2022-12-20 09:01:40', NULL),
(4686, 198, 2022, 30, 158, 64, 1, '1', '2022-12-20 09:01:40', NULL),
(4687, 199, 2022, 30, 158, 67, 1, '1', '2022-12-20 09:01:40', NULL),
(4688, 200, 2022, 30, 158, 50, 1, '1', '2022-12-20 09:01:40', NULL),
(4689, 201, 2022, 30, 158, 40, 1, '1', '2022-12-20 09:01:40', NULL),
(4690, 202, 2022, 30, 158, 71, 1, '1', '2022-12-20 09:01:40', NULL),
(4691, 203, 2022, 30, 158, 74, 1, '1', '2022-12-20 09:01:40', NULL),
(4692, 204, 2022, 30, 158, 72, 1, '1', '2022-12-20 09:01:40', NULL),
(4693, 205, 2022, 30, 158, 31, 1, '1', '2022-12-20 09:01:40', NULL),
(4694, 206, 2022, 30, 158, 32, 1, '1', '2022-12-20 09:01:40', NULL),
(4695, 207, 2022, 30, 158, 44, 1, '1', '2022-12-20 09:01:40', NULL),
(4696, 209, 2022, 30, 158, 35, 1, '1', '2022-12-20 09:01:40', NULL),
(4697, 210, 2022, 30, 158, 62, 1, '1', '2022-12-20 09:01:40', NULL),
(4698, 211, 2022, 30, 158, 40, 1, '1', '2022-12-20 09:01:40', NULL),
(4699, 212, 2022, 30, 158, 81, 1, '1', '2022-12-20 09:01:40', NULL),
(4700, 213, 2022, 30, 158, 70, 1, '1', '2022-12-20 09:01:40', NULL),
(4701, 214, 2022, 30, 158, 70, 1, '1', '2022-12-20 09:01:40', NULL),
(4702, 215, 2022, 30, 158, 73, 1, '1', '2022-12-20 09:01:40', NULL),
(4703, 216, 2022, 30, 158, 40, 1, '1', '2022-12-20 09:01:40', NULL),
(4704, 217, 2022, 30, 158, 45, 1, '1', '2022-12-20 09:01:40', NULL),
(4705, 219, 2022, 30, 158, 30, 1, '1', '2022-12-20 09:01:40', NULL),
(4706, 220, 2022, 30, 158, 60, 1, '1', '2022-12-20 09:01:40', NULL),
(4707, 221, 2022, 30, 158, 71, 1, '1', '2022-12-20 09:01:40', NULL),
(4708, 222, 2022, 30, 158, 54, 1, '1', '2022-12-20 09:01:40', NULL),
(4709, 223, 2022, 30, 158, 77, 1, '1', '2022-12-20 09:01:40', NULL),
(4710, 224, 2022, 30, 158, 48, 1, '1', '2022-12-20 09:01:40', NULL),
(4711, 225, 2022, 30, 158, 71, 1, '1', '2022-12-20 09:01:40', NULL),
(4712, 226, 2022, 30, 158, 60, 1, '1', '2022-12-20 09:01:40', NULL),
(4713, 227, 2022, 30, 158, 56, 1, '1', '2022-12-20 09:01:40', NULL),
(4714, 228, 2022, 30, 158, 42, 1, '1', '2022-12-20 09:01:40', NULL),
(4715, 229, 2022, 30, 158, 35, 1, '1', '2022-12-20 09:01:40', NULL),
(4716, 230, 2022, 30, 158, 40, 1, '1', '2022-12-20 09:01:40', NULL),
(4717, 231, 2022, 30, 158, 42, 1, '1', '2022-12-20 09:01:40', NULL),
(4718, 232, 2022, 30, 158, 60, 1, '1', '2022-12-20 09:01:40', NULL),
(4719, 233, 2022, 30, 158, 74, 1, '1', '2022-12-20 09:01:40', NULL),
(4720, 234, 2022, 30, 158, 56, 1, '1', '2022-12-20 09:01:40', NULL),
(4721, 235, 2022, 30, 158, 84, 1, '1', '2022-12-20 09:01:40', NULL),
(4722, 236, 2022, 30, 158, 77, 1, '1', '2022-12-20 09:01:40', NULL),
(4723, 237, 2022, 30, 158, 45, 1, '1', '2022-12-20 09:01:40', NULL),
(4724, 238, 2022, 30, 158, 47, 1, '1', '2022-12-20 09:01:40', NULL),
(4725, 239, 2022, 30, 158, 83, 1, '1', '2022-12-20 09:01:40', NULL),
(4726, 240, 2022, 30, 158, 76, 1, '1', '2022-12-20 09:01:40', NULL),
(4727, 241, 2022, 30, 158, 88, 1, '1', '2022-12-20 09:01:40', NULL),
(4728, 242, 2022, 30, 158, 78, 1, '1', '2022-12-20 09:01:40', NULL),
(4729, 243, 2022, 30, 158, 40, 1, '1', '2022-12-20 09:01:40', NULL),
(4730, 174, 2022, 30, 158, 40, 1, '3', '2022-12-20 09:10:47', NULL),
(4731, 175, 2022, 30, 158, 80, 1, '3', '2022-12-20 09:10:47', NULL),
(4732, 176, 2022, 30, 158, 15, 1, '3', '2022-12-20 09:10:47', NULL),
(4733, 177, 2022, 30, 158, 40, 1, '3', '2022-12-20 09:10:47', NULL),
(4734, 179, 2022, 30, 158, 71, 1, '3', '2022-12-20 09:10:47', NULL),
(4735, 180, 2022, 30, 158, 46, 1, '3', '2022-12-20 09:10:47', NULL),
(4736, 181, 2022, 30, 158, 41, 1, '3', '2022-12-20 09:10:47', NULL),
(4737, 182, 2022, 30, 158, 43, 1, '3', '2022-12-20 09:10:47', NULL),
(4738, 183, 2022, 30, 158, 46, 1, '3', '2022-12-20 09:10:47', NULL),
(4739, 185, 2022, 30, 158, 15, 1, '3', '2022-12-20 09:10:47', NULL),
(4740, 184, 2022, 30, 158, 32, 1, '3', '2022-12-20 09:10:47', NULL),
(4741, 186, 2022, 30, 158, 43, 1, '3', '2022-12-20 09:10:47', NULL),
(4742, 187, 2022, 30, 158, 31, 1, '3', '2022-12-20 09:10:47', NULL),
(4743, 188, 2022, 30, 158, 32, 1, '3', '2022-12-20 09:10:47', NULL),
(4744, 189, 2022, 30, 158, 30, 1, '3', '2022-12-20 09:10:47', NULL),
(4745, 190, 2022, 30, 158, 36, 1, '3', '2022-12-20 09:10:47', NULL),
(4746, 191, 2022, 30, 158, 56, 1, '3', '2022-12-20 09:10:47', NULL),
(4747, 192, 2022, 30, 158, 50, 1, '3', '2022-12-20 09:10:47', NULL),
(4748, 193, 2022, 30, 158, 79, 1, '3', '2022-12-20 09:10:47', NULL),
(4749, 194, 2022, 30, 158, 31, 1, '3', '2022-12-20 09:10:47', NULL),
(4750, 195, 2022, 30, 158, 30, 1, '3', '2022-12-20 09:10:47', NULL),
(4751, 196, 2022, 30, 158, 35, 1, '3', '2022-12-20 09:10:47', NULL),
(4752, 197, 2022, 30, 158, 76, 1, '3', '2022-12-20 09:10:47', NULL),
(4753, 198, 2022, 30, 158, 37, 1, '3', '2022-12-20 09:10:47', NULL),
(4754, 199, 2022, 30, 158, 31, 1, '3', '2022-12-20 09:10:47', NULL),
(4755, 200, 2022, 30, 158, 50, 1, '3', '2022-12-20 09:10:47', NULL),
(4756, 201, 2022, 30, 158, 57, 1, '3', '2022-12-20 09:10:47', NULL),
(4757, 202, 2022, 30, 158, 56, 1, '3', '2022-12-20 09:10:47', NULL),
(4758, 203, 2022, 30, 158, 65, 1, '3', '2022-12-20 09:10:47', NULL),
(4759, 204, 2022, 30, 158, 41, 1, '3', '2022-12-20 09:10:47', NULL),
(4760, 205, 2022, 30, 158, 31, 1, '3', '2022-12-20 09:10:47', NULL),
(4761, 206, 2022, 30, 158, 30, 1, '3', '2022-12-20 09:10:47', NULL),
(4762, 207, 2022, 30, 158, 35, 1, '3', '2022-12-20 09:10:47', NULL);
INSERT INTO `tblresult` (`id`, `StudentId`, `academicYear`, `ClassId`, `SubjectId`, `marks`, `term`, `type`, `PostingDate`, `UpdationDate`) VALUES
(4763, 209, 2022, 30, 158, 16, 1, '3', '2022-12-20 09:10:47', NULL),
(4764, 210, 2022, 30, 158, 36, 1, '3', '2022-12-20 09:10:47', NULL),
(4765, 211, 2022, 30, 158, 47, 1, '3', '2022-12-20 09:10:47', NULL),
(4766, 212, 2022, 30, 158, 78, 1, '3', '2022-12-20 09:10:47', NULL),
(4767, 213, 2022, 30, 158, 46, 1, '3', '2022-12-20 09:10:47', NULL),
(4768, 214, 2022, 30, 158, 46, 1, '3', '2022-12-20 09:10:47', NULL),
(4769, 215, 2022, 30, 158, 37, 1, '3', '2022-12-20 09:10:47', NULL),
(4770, 216, 2022, 30, 158, 30, 1, '3', '2022-12-20 09:10:47', NULL),
(4771, 217, 2022, 30, 158, 45, 1, '3', '2022-12-20 09:10:47', NULL),
(4772, 219, 2022, 30, 158, 30, 1, '3', '2022-12-20 09:10:47', NULL),
(4773, 220, 2022, 30, 158, 41, 1, '3', '2022-12-20 09:10:47', NULL),
(4774, 221, 2022, 30, 158, 77, 1, '3', '2022-12-20 09:10:47', NULL),
(4775, 222, 2022, 30, 158, 42, 1, '3', '2022-12-20 09:10:47', NULL),
(4776, 223, 2022, 30, 158, 45, 1, '3', '2022-12-20 09:10:47', NULL),
(4777, 224, 2022, 30, 158, 58, 1, '3', '2022-12-20 09:10:47', NULL),
(4778, 225, 2022, 30, 158, 63, 1, '3', '2022-12-20 09:10:47', NULL),
(4779, 226, 2022, 30, 158, 46, 1, '3', '2022-12-20 09:10:47', NULL),
(4780, 227, 2022, 30, 158, 56, 1, '3', '2022-12-20 09:10:47', NULL),
(4781, 228, 2022, 30, 158, 46, 1, '3', '2022-12-20 09:10:47', NULL),
(4782, 229, 2022, 30, 158, 47, 1, '3', '2022-12-20 09:10:47', NULL),
(4783, 230, 2022, 30, 158, 32, 1, '3', '2022-12-20 09:10:47', NULL),
(4784, 231, 2022, 30, 158, 42, 1, '3', '2022-12-20 09:10:47', NULL),
(4785, 232, 2022, 30, 158, 47, 1, '3', '2022-12-20 09:10:47', NULL),
(4786, 233, 2022, 30, 158, 43, 1, '3', '2022-12-20 09:10:47', NULL),
(4787, 234, 2022, 30, 158, 62, 1, '3', '2022-12-20 09:10:47', NULL),
(4788, 235, 2022, 30, 158, 72, 1, '3', '2022-12-20 09:10:47', NULL),
(4789, 236, 2022, 30, 158, 47, 1, '3', '2022-12-20 09:10:47', NULL),
(4790, 237, 2022, 30, 158, 56, 1, '3', '2022-12-20 09:10:47', NULL),
(4791, 238, 2022, 30, 158, 40, 1, '3', '2022-12-20 09:10:47', NULL),
(4792, 239, 2022, 30, 158, 61, 1, '3', '2022-12-20 09:10:47', NULL),
(4793, 241, 2022, 30, 158, 82, 1, '3', '2022-12-20 09:10:47', NULL),
(4794, 242, 2022, 30, 158, 73, 1, '3', '2022-12-20 09:10:47', NULL),
(4795, 243, 2022, 30, 158, 77, 1, '3', '2022-12-20 09:10:47', NULL);

-- --------------------------------------------------------

--
-- Table structure for table `tblstudents`
--

CREATE TABLE `tblstudents` (
  `StudentId` int(11) NOT NULL,
  `studentname` varchar(100) NOT NULL,
  `roolid` varchar(10) NOT NULL,
  `yearr` varchar(100) NOT NULL,
  `classId` int(11) NOT NULL,
  `RegDate` timestamp NOT NULL DEFAULT CURRENT_TIMESTAMP,
  `UpdationDate` timestamp NULL DEFAULT NULL
) ENGINE=InnoDB DEFAULT CHARSET=latin1;

--
-- Dumping data for table `tblstudents`
--

INSERT INTO `tblstudents` (`StudentId`, `studentname`, `roolid`, `yearr`, `classId`, `RegDate`, `UpdationDate`) VALUES
(132, 'ABAYISENGA Anitha', '1', '2022', 28, '2022-12-13 07:09:09', NULL),
(133, 'BAJENEZA Pacifique', '2', '2022', 28, '2022-12-13 07:09:35', NULL),
(134, 'BYUKUSENGE Joyce', '3', '2022', 28, '2022-12-13 07:11:09', NULL),
(135, 'CYIZA Rafiki Remy', '4', '2022', 28, '2022-12-13 07:11:49', NULL),
(136, 'HABIMANA Augustave', '5', '2022', 28, '2022-12-13 07:13:53', NULL),
(137, 'HODARI Livin', '6', '2022', 28, '2022-12-13 07:14:57', NULL),
(138, 'IMPORAHAFI Rosine', '7', '2022', 28, '2022-12-13 07:15:38', NULL),
(139, 'IRAGUHA Odile', '8', '2022', 28, '2022-12-13 07:16:05', NULL),
(140, 'IRAKOZE Anne Geovanie', '9', '2022', 28, '2022-12-13 07:17:19', NULL),
(141, 'IRAKOZE Joyeuse', '10', '2022', 28, '2022-12-13 07:17:45', NULL),
(142, 'ISHIMWE Douce', '11', '2022', 28, '2022-12-13 07:18:19', NULL),
(143, 'KABANDANA Chantal', '12', '2022', 28, '2022-12-13 07:18:49', NULL),
(144, 'KARERA Neema', '13', '2022', 28, '2022-12-13 07:19:12', NULL),
(145, 'KWIZERA Theogene', '14', '2022', 28, '2022-12-13 07:19:55', NULL),
(146, 'MANIRAGENA Nadia', '15', '2022', 28, '2022-12-13 07:20:32', NULL),
(147, 'MASENGESHO Gisele', '16', '2022', 28, '2022-12-13 07:21:05', NULL),
(148, 'MUKARIHAMYE Sifa', '17', '2022', 28, '2022-12-13 07:21:44', NULL),
(149, 'MUKUNZI Anitha', '18', '2022', 28, '2022-12-13 07:22:14', NULL),
(150, 'MUSENGIMANA Celine', '19', '2022', 28, '2022-12-13 07:22:52', NULL),
(151, 'MUSHIMIYIMANA Fabrice', '20', '2022', 28, '2022-12-13 07:23:29', NULL),
(152, 'MUTUMwINKA Julienne', '21', '2022', 28, '2022-12-13 07:24:58', NULL),
(153, 'NGUWENEZA Olivier', '22', '2022', 28, '2022-12-13 07:25:28', NULL),
(154, 'NISHIMWE Olga', '23', '2022', 28, '2022-12-13 07:25:57', NULL),
(155, 'NIYIGENE Jannette', '24', '2022', 28, '2022-12-13 07:26:28', NULL),
(156, 'NIYOMUKUNZI Esther', '25', '2022', 28, '2022-12-13 07:26:55', NULL),
(157, 'NIYOMUNGERI Eli Elohe Israel', '26', '2022', 28, '2022-12-13 07:27:40', NULL),
(158, 'NIYONKURU Jean de Dieu', '27', '2022', 28, '2022-12-13 07:28:23', NULL),
(159, 'NIYOYAVUZE Valens', '28', '2022', 28, '2022-12-13 07:28:58', NULL),
(160, 'NTWARI Didier', '29', '2022', 28, '2022-12-13 07:29:27', NULL),
(161, 'SANGWA Thierrine', '30', '2022', 28, '2022-12-13 07:30:18', NULL),
(162, 'SOULEIMANI Assed', '31', '2022', 28, '2022-12-13 07:31:03', NULL),
(163, 'TUYISABE Dativa', '32', '2022', 28, '2022-12-13 07:31:38', NULL),
(164, 'UMUHIRE Rosette', '33', '2022', 28, '2022-12-13 07:32:04', NULL),
(165, 'UMUNYEHIRWE Jehovah Jireh Amina', '34', '2022', 28, '2022-12-13 07:32:55', NULL),
(166, 'USANASE Josiane', '35', '2022', 28, '2022-12-13 07:33:19', NULL),
(167, 'UWAMAHORO Emelyne', '36', '2022', 28, '2022-12-13 07:33:58', NULL),
(168, 'UWAMAHORO Fausta', '37', '2022', 28, '2022-12-13 07:34:29', NULL),
(169, 'UWANYUZE Assoumpta', '38', '2022', 28, '2022-12-13 07:35:09', NULL),
(170, 'UWASE Queen', '39', '2022', 28, '2022-12-13 07:35:33', NULL),
(171, 'UWAYESU Anitha', '40', '2022', 28, '2022-12-13 07:36:06', NULL),
(172, 'UWIDUFASHIJE Christine', '41', '2022', 28, '2022-12-13 07:40:38', NULL),
(173, 'UWIMANIDUHAYE Adeline', '42', '2022', 28, '2022-12-13 07:41:09', NULL),
(174, 'BIZIMUNGU Amos', '1', '2022', 30, '2022-12-13 07:41:44', NULL),
(175, 'BYIRINGIRO Adhere', '2', '2022', 30, '2022-12-13 07:42:15', NULL),
(176, 'CYUSA Albert', '3', '2022', 30, '2022-12-13 07:42:37', NULL),
(177, 'CYUSA Elvis', '4', '2022', 30, '2022-12-13 07:43:00', NULL),
(178, 'DUHAWE Irene\'e', '5', '2022', 30, '2022-12-13 07:43:53', NULL),
(179, 'GIKUNDIRO Didiete', '6', '2022', 30, '2022-12-13 07:44:24', NULL),
(180, 'GISUBIZO Naome', '7', '2022', 30, '2022-12-13 07:44:53', NULL),
(181, 'INTSINZI Samuel', '8', '2022', 30, '2022-12-13 07:45:38', NULL),
(182, 'IRAKOZE Abigaelie', '9', '2022', 30, '2022-12-13 07:46:13', NULL),
(183, 'IRAKOZE Denyse', '10', '2022', 30, '2022-12-13 07:46:38', NULL),
(184, 'ISHIMWE Didier', '11', '2022', 30, '2022-12-13 07:46:58', NULL),
(185, 'ISHIMWE Blaise', '12', '2022', 30, '2022-12-13 07:47:29', NULL),
(186, 'ISHIMWE Emelyne', '13', '2022', 30, '2022-12-13 07:48:12', NULL),
(187, 'ISHIMWE Hamad', '14', '2022', 30, '2022-12-13 07:48:39', NULL),
(188, 'ISHIMWE James', '15', '2022', 30, '2022-12-13 07:49:04', NULL),
(189, 'ISHIMWE Jean Poul', '16', '2022', 30, '2022-12-13 07:49:28', NULL),
(190, 'ISHIMWE Jeanine', '17', '2022', 30, '2022-12-13 07:49:58', NULL),
(191, 'ISHIMWE Thessy', '18', '2022', 30, '2022-12-13 07:50:28', NULL),
(192, 'IZERE Odon', '19', '2022', 30, '2022-12-13 07:50:53', NULL),
(193, 'IZERE Yvan Yannick', '20', '2022', 30, '2022-12-13 07:51:40', NULL),
(194, 'KAMIKAZI Signorine Chemussa', '21', '2022', 30, '2022-12-13 07:52:24', NULL),
(195, 'KAYITARE Precious', '22', '2022', 30, '2022-12-13 07:53:19', NULL),
(196, 'KIRABO Annet', '23', '2022', 30, '2022-12-13 07:53:47', NULL),
(197, 'KWIHANGANA Marcel', '24', '2022', 30, '2022-12-13 07:54:16', NULL),
(198, 'KWIZERA Innocent', '25', '2022', 30, '2022-12-13 07:54:50', NULL),
(199, 'MASENGESHO Danny', '26', '2022', 30, '2022-12-13 07:55:26', NULL),
(200, 'MUGABO Frank', '27', '2022', 30, '2022-12-13 07:55:49', NULL),
(201, 'MUHAWENIMANA Clarisse', '28', '2022', 30, '2022-12-13 07:56:31', NULL),
(202, 'MUHAWENIMANA Goreth', '29', '2022', 30, '2022-12-13 07:57:00', NULL),
(203, 'MUHAYIMANA Mary Christine', '30', '2022', 30, '2022-12-13 07:57:43', NULL),
(204, 'MUKESHIMANA Adeline', '31', '2022', 30, '2022-12-13 07:58:19', NULL),
(205, 'MUNEZERO Jackson', '32', '2022', 30, '2022-12-13 08:01:36', NULL),
(206, 'MUSHIMIYIMANA Angelique', '33', '2022', 30, '2022-12-13 08:02:14', NULL),
(207, 'MUVUNYI Bruce', '34', '2022', 30, '2022-12-13 08:02:43', NULL),
(208, 'NDAGIJIMANA Emmanuel', '35', '2022', 30, '2022-12-13 08:03:15', NULL),
(209, 'NDASHIMYE Adelite', '36', '2022', 30, '2022-12-13 08:04:15', NULL),
(210, 'NGABONZIZA Michelson', '37', '2022', 30, '2022-12-13 08:05:00', NULL),
(211, 'NISHIMWE Azela', '38', '2022', 30, '2022-12-13 08:05:24', NULL),
(212, 'NISIMA Cleb', '39', '2022', 30, '2022-12-13 08:05:52', NULL),
(213, 'NIYIBIZI Emmanuel', '40', '2022', 30, '2022-12-13 08:06:23', NULL),
(214, 'NIYIGENE Esther', '41', '2022', 30, '2022-12-13 08:06:53', NULL),
(215, 'NIYOMUGABO Irakoze Danny', '42', '2022', 30, '2022-12-13 08:07:34', NULL),
(216, 'NIYOMUNGERI Eric', '43', '2022', 30, '2022-12-13 08:07:55', NULL),
(217, 'NIYOMUNGERI Rosine', '44', '2022', 30, '2022-12-13 08:08:25', NULL),
(218, 'NIYONKURU Patric', '45', '2022', 30, '2022-12-13 08:08:53', NULL),
(219, 'NKIZINGABO Claude', '46', '2022', 30, '2022-12-13 08:09:28', NULL),
(220, 'NKUNZIMANA Panniel', '47', '2022', 30, '2022-12-13 08:10:08', NULL),
(221, 'NTAGUNGIRA ISHIMWE Sympatique', '48', '2022', 30, '2022-12-13 08:10:51', NULL),
(222, 'NYIRAMUZUNGU Jolie', '49', '2022', 30, '2022-12-13 08:11:24', NULL),
(223, 'NZAYISENGA Jean Damascene', '50', '2022', 30, '2022-12-13 08:12:04', NULL),
(224, 'RUGWIRO Eric', '51', '2022', 30, '2022-12-13 08:12:28', NULL),
(225, 'RURANGWA Egide', '52', '2022', 30, '2022-12-13 08:13:11', NULL),
(226, 'RUTWAZA Joel', '53', '2022', 30, '2022-12-13 08:13:33', NULL),
(227, 'TUMUSHIME Fabrice', '54', '2022', 30, '2022-12-13 08:14:14', NULL),
(228, 'TURIKUMWE Augustin', '55', '2022', 30, '2022-12-13 08:14:47', NULL),
(229, 'TUYISABE Etienne', '56', '2022', 30, '2022-12-13 08:15:56', NULL),
(230, 'TUYISHIMIRE Angelique', '57', '2022', 30, '2022-12-13 08:16:32', NULL),
(231, 'TUYISHIMIRE Musa', '58', '2022', 30, '2022-12-13 08:17:03', NULL),
(232, 'TUYIZERE Consolee', '59', '2022', 30, '2022-12-13 08:17:36', NULL),
(233, 'UJEMUBE Marianne', '60', '2022', 30, '2022-12-13 08:18:15', NULL),
(234, 'UMUTONIWASE Josette', '61', '2022', 30, '2022-12-13 08:18:49', NULL),
(235, 'UMUTONIWASE Valentine', '62', '2022', 30, '2022-12-13 08:19:27', NULL),
(236, 'UWAMAHORO Kevine', '63', '2022', 30, '2022-12-13 08:19:53', NULL),
(237, 'UWAMBAYINEMA Alice', '64', '2022', 30, '2022-12-13 08:20:28', NULL),
(238, 'UWAMURERA Grace', '65', '2022', 30, '2022-12-13 08:20:52', NULL),
(239, 'UWASE Aline', '66', '2022', 30, '2022-12-13 08:21:13', NULL),
(240, 'UWASE Desange Queen', '67', '2022', 30, '2022-12-13 08:21:57', NULL),
(241, 'UWIZEYIMANA Claudine', '68', '2022', 30, '2022-12-13 08:22:27', NULL),
(242, 'WIMURIZA Ineza Kenia', '69', '2022', 30, '2022-12-13 08:23:08', NULL),
(243, 'YADUFASHIJE Marie Claire', '70', '2022', 30, '2022-12-13 08:23:41', NULL),
(244, 'ABIZEYIMANA Pacifique', '1', '2022', 27, '2022-12-13 08:25:08', NULL),
(245, 'AKINEZA Arlene', '2', '2022', 27, '2022-12-13 08:25:33', NULL),
(246, 'GATESI Faida', '3', '2022', 27, '2022-12-13 08:25:58', NULL),
(247, 'IBYIKORA Foibe', '4', '2022', 27, '2022-12-13 08:26:24', NULL),
(248, 'IHIMBAZWE Devotha', '5', '2022', 27, '2022-12-13 08:26:54', NULL),
(249, 'IRADUKUNDA Fabiola', '6', '2022', 27, '2022-12-13 08:27:34', NULL),
(250, 'IRAKOZE Denyse', '7', '2022', 27, '2022-12-13 08:28:08', NULL),
(251, 'IRIMASO Henriette', '8', '2022', 27, '2022-12-13 08:28:39', NULL),
(252, 'ISHIMWE Charlotte', '9', '2022', 27, '2022-12-13 08:29:07', NULL),
(253, 'KAYITESI Claudine', '10', '2022', 27, '2022-12-13 08:29:36', NULL),
(254, 'KAYITESI Faith', '11', '2022', 27, '2022-12-13 08:30:01', NULL),
(255, 'MASENGESHO Joselyne', '12', '2022', 27, '2022-12-13 08:30:31', NULL),
(256, 'MUSHIMIYIMANA Jannette', '13', '2022', 27, '2022-12-13 08:30:57', NULL),
(257, 'MUTEZINKA Blenda', '14', '2022', 27, '2022-12-13 08:31:24', NULL),
(258, 'MUTONI Hope', '15', '2022', 27, '2022-12-13 08:31:49', NULL),
(259, 'MWAMIKAZI Germaine', '16', '2022', 27, '2022-12-13 08:32:27', NULL),
(260, 'NDAYINEZEREWE Honoline', '17', '2022', 27, '2022-12-13 08:32:56', NULL),
(261, 'NIKWIGIZE Obline', '18', '2022', 27, '2022-12-13 08:33:24', NULL),
(262, 'NSANZIMANA J.Pierre', '19', '2022', 27, '2022-12-13 08:33:56', NULL),
(263, 'NYIRAMANA Noella', '20', '2022', 27, '2022-12-13 08:34:28', NULL),
(264, 'TUMUKUNDE Shifa Kareb', '21', '2022', 27, '2022-12-13 08:35:27', NULL),
(265, 'TWIBANIRE Archad', '22', '2022', 27, '2022-12-13 08:35:58', NULL),
(266, 'UJENEZA Clotilde', '23', '2022', 27, '2022-12-13 08:36:31', NULL),
(267, 'UWAMBAYINGABIRE Christine', '24', '2022', 27, '2022-12-13 08:37:08', NULL),
(268, 'UWASE Deborah', '25', '2022', 27, '2022-12-13 08:37:32', NULL),
(270, 'UZAYISENGA Rebecca', '26', '2022', 27, '2022-12-13 08:38:57', NULL),
(271, 'AMANI Hassan', '1', '2022', 31, '2022-12-13 08:40:54', NULL),
(272, 'AMANI Isaac', '2', '2022', 31, '2022-12-13 08:41:19', NULL),
(273, 'BISAMAZA Simeon', '3', '2022', 31, '2022-12-13 08:41:53', NULL),
(274, 'CYIZA Gad', '4', '2022', 31, '2022-12-13 08:42:23', NULL),
(275, 'CYUZUZO Marie claire', '5', '2022', 31, '2022-12-13 08:42:55', NULL),
(276, 'DUKUNDIMANA Elissa', '6', '2022', 31, '2022-12-13 08:43:39', NULL),
(277, 'GIHOZO Espoir', '7', '2022', 31, '2022-12-13 08:44:07', NULL),
(278, 'HABUMUGISHA Gildas', '8', '2022', 31, '2022-12-13 08:44:34', NULL),
(279, 'HAKIZIMANA Jean Pierre', '9', '2022', 31, '2022-12-13 08:45:07', NULL),
(280, 'HAVUGIMANA Shimwa Blaise', '10', '2022', 31, '2022-12-13 08:46:19', NULL),
(281, 'IMANIRAKOZE Yves', '11', '2022', 31, '2022-12-13 08:46:42', NULL),
(282, 'IMANISHIMWE Olivier', '12', '2022', 31, '2022-12-13 08:47:07', NULL),
(283, 'IRADUKUNDA Haruna', '13', '2022', 31, '2022-12-13 08:47:38', NULL),
(284, 'IRADUKUNDA Sarah', '14', '2022', 31, '2022-12-13 08:48:08', NULL),
(285, 'IRATUZI Anicet', '15', '2022', 31, '2022-12-13 08:50:22', NULL),
(286, 'ISHEMA Yves', '16', '2022', 31, '2022-12-13 08:51:08', NULL),
(287, 'ISHIMWE Jean Claude', '17', '2022', 31, '2022-12-13 08:51:40', NULL),
(288, 'ISIMBI Ange Divine', '18', '2022', 31, '2022-12-13 08:52:12', NULL),
(289, 'ISINGIZWE Umwari Sandrine', '19', '2022', 31, '2022-12-13 08:52:51', NULL),
(290, 'KABURAME Moise', '20', '2022', 31, '2022-12-13 08:53:19', NULL),
(291, 'KANAMUGIRE Kennedy', '21', '2022', 31, '2022-12-13 08:56:15', NULL),
(292, 'KARANGWA Alexandre', '22', '2022', 31, '2022-12-13 09:02:16', NULL),
(293, 'KAYIRANGWA Cyuzuzo Yvette', '23', '2022', 31, '2022-12-13 09:02:53', NULL),
(294, 'KWIZERA Ruth', '24', '2022', 31, '2022-12-13 09:03:14', NULL),
(295, 'MANIRAKIZA Fabrice', '25', '2022', 31, '2022-12-13 09:03:43', NULL),
(296, 'MANZI Juru joashim', '26', '2022', 31, '2022-12-13 09:04:33', NULL),
(297, 'MBABAZI Aimee', '27', '2022', 31, '2022-12-13 09:05:00', NULL),
(298, 'MUGISHA Emmanuel', '28', '2022', 31, '2022-12-13 09:05:29', NULL),
(299, 'MUGISHA jean Baptiste', '29', '2022', 31, '2022-12-13 09:06:23', NULL),
(300, 'MUGISHA Joel', '30', '2022', 31, '2022-12-13 09:06:49', NULL),
(301, 'MUHAWENIMANA Fabrice', '31', '2022', 31, '2022-12-13 09:07:18', NULL),
(302, 'MUKASHYAKA Alexie', '32', '2022', 31, '2022-12-13 09:07:51', NULL),
(303, 'MUKIZA Christian Regis', '33', '2022', 31, '2022-12-13 09:08:40', NULL),
(304, 'MUKUNZI Yemmima', '34', '2022', 31, '2022-12-13 09:09:55', NULL),
(305, 'MUSHAYIJA Piter', '35', '2022', 31, '2022-12-13 09:10:24', NULL),
(306, 'NDAYISHIMIYE David', '36', '2022', 31, '2022-12-13 09:10:56', NULL),
(307, 'NDAYISHIMIYE Ghaslain', '37', '2022', 31, '2022-12-13 09:11:40', NULL),
(308, 'NDUWAYO Annet', '38', '2022', 31, '2022-12-13 09:12:05', NULL),
(309, 'NIYIDUHAYE Leonard', '39', '2022', 31, '2022-12-13 09:12:37', NULL),
(310, 'NIYONKURU Eric', '40', '2022', 31, '2022-12-13 09:13:02', NULL),
(311, 'NIYOGISUBIZO Gad', '41', '2022', 31, '2022-12-13 09:15:21', NULL),
(312, 'NIYOMUGABO Janvier', '42', '2022', 31, '2022-12-13 09:15:51', NULL),
(313, 'NIYOMUKIZA Valentine', '43', '2022', 31, '2022-12-13 09:16:21', NULL),
(314, 'NIYONIZEYE Evangeline', '44', '2022', 31, '2022-12-13 09:17:04', NULL),
(315, 'NIYONSABA Madelene', '45', '2022', 31, '2022-12-13 09:17:34', NULL),
(316, 'NIYONSHUTI Alice', '46', '2022', 31, '2022-12-13 09:18:13', NULL),
(317, 'NIYONSHUTI Sostene', '47', '2022', 31, '2022-12-13 09:18:42', NULL),
(318, 'NIZEYIMANA Mucyo Olivier', '48', '2022', 31, '2022-12-13 09:19:20', NULL),
(319, 'NSANZIMANA Chadrack', '49', '2022', 31, '2022-12-13 09:19:58', NULL),
(320, 'NSENGIYUMVA Elie', '50', '2022', 31, '2022-12-13 09:20:29', NULL),
(321, 'NTAKIRUTIMANA Adam', '51', '2022', 31, '2022-12-13 09:20:58', NULL),
(322, 'NYIRARUKUNDO Mediatrice', '52', '2022', 31, '2022-12-13 09:21:37', NULL),
(323, 'RUBERWA Oscar', '53', '2022', 31, '2022-12-13 09:22:04', NULL),
(324, 'SENGA Christian', '54', '2022', 31, '2022-12-13 09:22:34', NULL),
(325, 'SHAKA Prince', '55', '2022', 31, '2022-12-13 09:23:03', NULL),
(326, 'TUYISENGE Esperance', '56', '2022', 31, '2022-12-13 09:23:36', NULL),
(327, 'TUYISIME Jean Pierre', '57', '2022', 31, '2022-12-13 09:24:34', NULL),
(328, 'TUYIZERE Jean Paul', '58', '2022', 31, '2022-12-13 09:25:14', NULL),
(329, 'UGIRINSHUTI Jean d\'amour', '59', '2022', 31, '2022-12-13 09:25:52', NULL),
(330, 'UWAJENEZA Cynthia', '60', '2022', 31, '2022-12-13 09:26:19', NULL),
(331, 'UWARUGIRA Cecile', '61', '2022', 31, '2022-12-13 09:27:18', NULL),
(332, 'UWASE Latifa', '62', '2022', 31, '2022-12-13 09:27:43', NULL),
(333, 'UWIMANA Aline', '63', '2022', 31, '2022-12-13 09:28:07', NULL),
(334, 'UWINEZA Adelphine', '64', '2022', 31, '2022-12-13 09:28:43', NULL),
(335, 'UWIRAGIYE Rahab', '65', '2022', 31, '2022-12-13 09:29:12', NULL),
(336, 'ABIZERANYE Joselyne', '1', '2022', 29, '2022-12-13 12:10:53', NULL),
(337, 'BYUKUSENGE Riziki Blandine', '2', '2022', 29, '2022-12-13 12:11:37', NULL),
(338, 'DUSHIMIMANA Josiane', '3', '2022', 29, '2022-12-13 12:13:47', NULL),
(339, 'INGABIRE Christella', '4', '2022', 29, '2022-12-13 12:14:22', NULL),
(340, 'IRADUKUNDA Diane', '5', '2022', 29, '2022-12-13 12:14:44', NULL),
(341, 'IRAFASHA Francine', '6', '2022', 29, '2022-12-13 12:15:18', NULL),
(342, 'IRATWUMVA Eugenie', '7', '2022', 29, '2022-12-13 12:15:44', NULL),
(343, 'ISHIMWE Clarisse', '8', '2022', 29, '2022-12-13 12:16:10', NULL),
(344, 'ISHIMWE Clenie', '9', '2022', 29, '2022-12-13 12:16:39', NULL),
(345, 'ISHIMWE Diane', '10', '2022', 29, '2022-12-13 12:17:05', NULL),
(346, 'ISIMBI Nadia', '11', '2022', 29, '2022-12-13 12:17:36', NULL),
(347, 'ITETERO Lydie', '12', '2022', 29, '2022-12-13 12:18:07', NULL),
(348, 'MASENGESHO Theoneste', '13', '2022', 29, '2022-12-13 12:18:42', NULL),
(349, 'MAZIMPAKA Prince', '14', '2022', 29, '2022-12-13 12:19:13', NULL),
(350, 'MBABAZI Marie Grace', '15', '2022', 29, '2022-12-13 12:25:54', NULL),
(351, 'MUJAWIMANA Blandine', '16', '2022', 29, '2022-12-13 12:26:32', NULL),
(352, 'MUKAMBARAGA Jeanette', '17', '2022', 29, '2022-12-13 12:27:07', NULL),
(353, 'MUSHIKIWABO Ange', '18', '2022', 29, '2022-12-13 12:29:44', NULL),
(354, 'MUTONI Clarisse', '19', '2022', 29, '2022-12-13 12:30:22', NULL),
(355, 'NIYIDUFASHA Josee', '20', '2022', 29, '2022-12-13 12:30:54', NULL),
(356, 'NIYONSABA Enock', '21', '2022', 29, '2022-12-13 12:32:48', NULL),
(357, 'NIYONSHUTI Grace', '22', '2022', 29, '2022-12-13 12:33:37', NULL),
(358, 'NSHIMIYIMANA Olivier', '23', '2022', 29, '2022-12-13 12:35:19', NULL),
(359, 'NYIRABIZEYIMANA Gisele', '24', '2022', 29, '2022-12-13 12:35:51', NULL),
(360, 'NYIRANGORORE Marie Louise', '25', '2022', 29, '2022-12-13 12:36:37', NULL),
(361, 'NZAYISENGA Clemence', '26', '2022', 29, '2022-12-13 12:37:10', NULL),
(362, 'RUGAMBWA Gisele', '27', '2022', 29, '2022-12-13 12:37:53', NULL),
(363, 'TUYISINGIZE Jehovayile', '28', '2022', 29, '2022-12-13 12:38:47', NULL),
(364, 'UMUGWANEZA UWASE Ndine', '29', '2022', 29, '2022-12-13 12:39:23', NULL),
(365, 'UMUHOZA Marie Ange', '30', '2022', 29, '2022-12-13 12:39:56', NULL),
(366, 'UMUTESI Claudine', '31', '2022', 29, '2022-12-13 12:40:23', NULL),
(367, 'UTUMWENAYESU Yvette', '32', '2022', 29, '2022-12-13 12:41:09', NULL),
(368, 'UWAMAHORO Venantie', '33', '2022', 29, '2022-12-13 12:41:46', NULL),
(369, 'UWASE Diane', '34', '2022', 29, '2022-12-13 12:42:24', NULL),
(370, 'UWAYO Dative', '35', '2022', 29, '2022-12-13 13:14:52', NULL),
(371, 'UWERA Devothe', '36', '2022', 29, '2022-12-13 13:15:27', NULL),
(372, 'UWIDUHAYE Rosine', '37', '2022', 29, '2022-12-13 13:15:55', NULL),
(373, 'UWIHANGANYE Jannette', '38', '2022', 29, '2022-12-13 13:16:23', NULL),
(374, 'UWIMANA Berthilde', '39', '2022', 29, '2022-12-13 13:16:58', NULL),
(375, 'UWIMANA Sabine', '40', '2022', 29, '2022-12-13 13:17:29', NULL),
(376, 'UWIMBABAZI Theodette', '41', '2022', 29, '2022-12-13 13:18:06', NULL),
(377, 'UWIZEYIMANA Rose', '42', '2022', 29, '2022-12-13 13:18:33', NULL),
(378, 'abcd', '01', '2022', 34, '2022-12-19 13:28:43', NULL),
(379, 'xyz', '002', '2022', 34, '2022-12-19 13:31:06', NULL);

-- --------------------------------------------------------

--
-- Table structure for table `tblsubjectcombination`
--

CREATE TABLE `tblsubjectcombination` (
  `id` int(11) NOT NULL,
  `ClassId` int(11) NOT NULL,
  `SubjectId` int(11) NOT NULL,
  `status` int(1) DEFAULT NULL,
  `CreationDate` timestamp NOT NULL DEFAULT CURRENT_TIMESTAMP,
  `Updationdate` timestamp NOT NULL DEFAULT CURRENT_TIMESTAMP
) ENGINE=InnoDB DEFAULT CHARSET=latin1;

--
-- Dumping data for table `tblsubjectcombination`
--

INSERT INTO `tblsubjectcombination` (`id`, `ClassId`, `SubjectId`, `status`, `CreationDate`, `Updationdate`) VALUES
(173, 27, 53, 1, '2022-12-04 16:31:50', '2022-12-04 16:31:50'),
(174, 27, 54, 1, '2022-12-04 16:31:59', '2022-12-04 16:31:59'),
(175, 27, 55, 1, '2022-12-06 11:18:23', '2022-12-06 11:18:23'),
(176, 27, 56, 1, '2022-12-06 11:18:30', '2022-12-06 11:18:30'),
(177, 27, 57, 1, '2022-12-06 11:18:37', '2022-12-06 11:18:37'),
(178, 27, 116, 0, '2022-12-06 11:18:52', '2022-12-06 11:18:52'),
(179, 27, 113, 1, '2022-12-06 11:19:07', '2022-12-06 11:19:07'),
(180, 27, 117, 1, '2022-12-06 11:19:21', '2022-12-06 11:19:21'),
(181, 27, 110, 1, '2022-12-06 11:19:36', '2022-12-06 11:19:36'),
(184, 27, 72, 1, '2022-12-14 11:29:32', '2022-12-14 11:29:32'),
(196, 33, 119, 1, '2022-12-19 11:51:12', '2022-12-19 11:51:12'),
(197, 33, 120, 1, '2022-12-19 11:51:41', '2022-12-19 11:51:41'),
(198, 33, 121, 1, '2022-12-19 11:51:57', '2022-12-19 11:51:57'),
(199, 33, 122, 1, '2022-12-19 11:52:17', '2022-12-19 11:52:17'),
(200, 33, 123, 1, '2022-12-19 11:52:32', '2022-12-19 11:52:32'),
(201, 33, 124, 1, '2022-12-19 11:52:45', '2022-12-19 11:52:45'),
(202, 33, 125, 1, '2022-12-19 11:52:57', '2022-12-19 11:52:57'),
(203, 33, 126, 1, '2022-12-19 11:53:13', '2022-12-19 11:53:13'),
(204, 33, 127, 1, '2022-12-19 11:54:00', '2022-12-19 11:54:00'),
(205, 33, 111, 1, '2022-12-19 11:54:21', '2022-12-19 11:54:21'),
(206, 34, 163, 1, '2022-12-19 13:28:19', '2022-12-19 13:28:19'),
(207, 34, 164, 0, '2022-12-19 13:29:00', '2022-12-19 13:29:00'),
(208, 28, 119, 1, '2022-12-19 14:04:52', '2022-12-19 14:04:52'),
(209, 28, 120, 1, '2022-12-19 14:05:10', '2022-12-19 14:05:10'),
(210, 28, 121, 1, '2022-12-19 14:05:26', '2022-12-19 14:05:26'),
(211, 28, 122, 1, '2022-12-19 14:05:50', '2022-12-19 14:05:50'),
(212, 28, 123, 1, '2022-12-19 14:06:17', '2022-12-19 14:06:17'),
(213, 28, 124, 1, '2022-12-19 14:06:37', '2022-12-19 14:06:37'),
(214, 28, 125, 1, '2022-12-19 14:06:55', '2022-12-19 14:06:55'),
(215, 28, 126, 1, '2022-12-19 14:07:11', '2022-12-19 14:07:11'),
(216, 28, 127, 1, '2022-12-19 14:07:40', '2022-12-19 14:07:40'),
(217, 28, 110, 1, '2022-12-19 14:11:08', '2022-12-19 14:11:08'),
(218, 28, 111, 1, '2022-12-19 14:11:34', '2022-12-19 14:11:34'),
(219, 34, 101, 1, '2022-12-19 19:35:43', '2022-12-19 19:35:43'),
(220, 34, 60, 1, '2022-12-19 20:21:09', '2022-12-19 20:21:09'),
(221, 34, 69, 0, '2022-12-20 02:16:54', '2022-12-20 02:16:54'),
(222, 30, 156, 1, '2022-12-20 06:31:48', '2022-12-20 06:31:48'),
(223, 30, 153, 1, '2022-12-20 06:33:20', '2022-12-20 06:33:20'),
(224, 30, 160, 1, '2022-12-20 06:38:14', '2022-12-20 06:38:14'),
(225, 30, 159, 1, '2022-12-20 06:39:15', '2022-12-20 06:39:15'),
(226, 30, 161, 1, '2022-12-20 06:40:00', '2022-12-20 06:40:00'),
(227, 30, 158, 1, '2022-12-20 06:41:50', '2022-12-20 06:41:50'),
(228, 30, 162, 1, '2022-12-20 06:42:37', '2022-12-20 06:42:37'),
(229, 30, 92, 1, '2022-12-20 06:43:20', '2022-12-20 06:43:20'),
(230, 30, 163, 1, '2022-12-20 06:44:08', '2022-12-20 06:44:08'),
(231, 30, 88, 1, '2022-12-20 06:50:06', '2022-12-20 06:50:06'),
(232, 30, 166, 1, '2022-12-20 06:51:04', '2022-12-20 06:51:04'),
(233, 28, 118, 1, '2022-12-20 07:36:39', '2022-12-20 07:36:39');

-- --------------------------------------------------------

--
-- Table structure for table `tblsubjects`
--

CREATE TABLE `tblsubjects` (
  `id` int(11) NOT NULL,
  `SubjectName` varchar(100) NOT NULL,
  `SubjectCode` varchar(100) NOT NULL,
  `type` varchar(100) NOT NULL,
  `weight` int(11) NOT NULL,
  `passline` int(11) NOT NULL,
  `Creationdate` timestamp NOT NULL DEFAULT CURRENT_TIMESTAMP,
  `UpdationDate` timestamp NOT NULL DEFAULT CURRENT_TIMESTAMP ON UPDATE CURRENT_TIMESTAMP
) ENGINE=InnoDB DEFAULT CHARSET=latin1;

--
-- Dumping data for table `tblsubjects`
--

INSERT INTO `tblsubjects` (`id`, `SubjectName`, `SubjectCode`, `type`, `weight`, `passline`, `Creationdate`, `UpdationDate`) VALUES
(53, 'Monitor occupational SHE at workplace', ' CCMMS501', '1', 60, 30, '2022-07-03 05:53:49', '2022-12-19 11:39:59'),
(54, 'Maintain professionall conversation in upperintermediate English', 'CCMUE501', '1', 60, 30, '2022-07-03 05:55:44', '2022-12-19 11:40:16'),
(55, 'Gukoresha ikinyarwanda cyintyoza', 'CCMKN501', '1', 60, 30, '2022-07-03 05:56:51', '2022-12-19 11:39:31'),
(56, 'Work in a socially diverse environment', 'CCMSE501', '1', 30, 70, '2022-07-03 05:58:26', '2022-07-03 05:58:26'),
(57, 'Use ICT at workplace', 'CCMIW501', '1', 60, 120, '2022-07-03 05:58:54', '2022-12-19 13:04:19'),
(58, 'Organize a business', 'CCMBO501', '1', 60, 30, '2022-07-03 06:00:13', '2022-12-19 11:41:12'),
(59, 'Integrate the workplace', 'CCMIA501', '1', 300, 150, '2022-07-03 06:00:45', '2022-12-19 11:41:32'),
(60, 'Apply mathematicall Analysis, Statistics and probability', 'SFDMAP501', '2', 80, 140, '2022-07-03 06:06:53', '2022-12-20 04:31:03'),
(61, 'Database security', 'FDDS501', '2', 80, 70, '2022-07-03 06:07:32', '2022-07-03 06:07:32'),
(62, 'Perform system analysis and design', 'SFDAD501', '2', 50, 70, '2022-07-03 06:08:37', '2022-07-03 06:08:37'),
(63, 'Support small scale ICT Projects', 'SFDIP501', '2', 60, 30, '2022-07-03 06:09:36', '2022-12-19 11:42:27'),
(64, 'Develop a backend application', 'SFDBA501', '2', 60, 70, '2022-07-03 06:10:20', '2022-07-03 06:10:20'),
(65, 'DYNAMICS AND WAVES', 'GENGP501', '2', 50, 70, '2022-07-03 06:10:58', '2022-07-03 06:10:58'),
(66, 'Develop a database', 'SFDDD501', '3', 120, 70, '2022-07-03 06:13:14', '2022-07-03 06:13:14'),
(67, 'Setup a database Server', 'SFDSS501', '3', 60, 70, '2022-07-03 06:13:58', '2022-07-03 06:13:58'),
(68, 'Deploy a web application ', 'FDWD501', '3', 40, 70, '2022-07-03 06:31:11', '2022-07-03 06:31:11'),
(69, 'Develop a web application', 'SFDWA501', '3', 120, 70, '2022-07-03 06:32:04', '2022-07-03 06:32:04'),
(70, 'Apply professional ethics', 'CCMPE501', '1', 30, 70, '2022-07-03 06:37:07', '2022-07-03 06:37:07'),
(72, 'Maintaining records and financial documents', 'ACCFD401', '3', 30, 70, '2022-07-04 05:06:26', '2022-07-04 05:06:26'),
(73, 'Processing transactionsinto the books of prime entry', 'CCBE401', '3', 60, 70, '2022-07-04 05:07:20', '2022-07-04 05:07:20'),
(74, 'Processing ledger transactions and extracting trial balance', 'ACCLT401', '3', 40, 70, '2022-07-04 05:08:25', '2022-07-04 05:08:25'),
(75, 'Maintaining petty cash', 'ACCPC401', '3', 30, 70, '2022-07-04 05:10:26', '2022-07-04 05:10:26'),
(76, 'Monitoring inventory system', 'ACCIS401', '3', 40, 70, '2022-07-04 05:11:02', '2022-07-04 05:11:02'),
(77, 'Maintaining the journal', 'CCMJ401', '3', 30, 70, '2022-07-04 05:11:35', '2022-07-04 05:11:35'),
(78, 'Maintaining control accounts', 'CCCA401', '3', 40, 70, '2022-07-04 05:12:21', '2022-07-04 05:12:21'),
(79, 'Monitoring services recovery activities', 'ACCSR401', '3', 30, 70, '2022-07-04 05:13:15', '2022-07-04 05:13:15'),
(80, 'processing accounts payable and receivable', 'ACCPR401', '3', 40, 70, '2022-07-04 05:14:13', '2022-07-04 05:14:13'),
(81, 'processing bank reconciliation', 'ACCBR401', '3', 40, 70, '2022-07-04 05:14:44', '2022-07-04 05:14:44'),
(82, 'Providing basic cost and revenue information', 'ACCCR401', '3', 30, 70, '2022-07-04 05:15:25', '2022-07-04 05:15:25'),
(83, 'Basic principles of costing', 'ACCPC401', '2', 30, 70, '2022-07-04 05:21:18', '2022-07-04 05:21:18'),
(84, 'Following banking procedures', 'CCBP401', '2', 30, 70, '2022-07-04 05:22:03', '2022-07-04 05:22:03'),
(85, 'Manipulating computerized accounting software', 'ACCAS401', '2', 40, 70, '2022-07-04 05:22:41', '2022-07-04 05:22:41'),
(86, 'Apply Matrics and Algebric functions', 'GENAM401', '2', 160, 80, '2022-07-04 05:23:16', '2022-12-19 11:45:07'),
(87, 'PROVIDE QUALITY CUSTOMER SERVICES', 'CCMQS401', '1', 30, 70, '2022-07-04 08:08:09', '2022-07-04 08:08:09'),
(88, 'APPLY COMPUTER SKILLS', 'CCMCS401', '1', 30, 70, '2022-07-04 08:08:54', '2022-07-04 08:08:54'),
(89, 'Implement SHE Policies and procedures', 'CCMHE401', '1', 30, 70, '2022-07-04 08:09:57', '2022-07-04 08:09:57'),
(90, 'USE INTERMEDIATE ENGLISH AT THE WORKPLACE', 'CCENG401', '1', 30, 70, '2022-07-04 08:12:25', '2022-07-04 08:12:25'),
(91, 'Appliquer les elements dela langue francaise', 'CCMFT401', '1', 30, 70, '2022-07-04 08:13:03', '2022-07-04 08:13:03'),
(92, 'DEVELOP BUSINESS PLAN', 'CCMIA401', '1', 30, 70, '2022-07-04 08:16:42', '2022-07-04 08:16:42'),
(93, 'INDUSTRIAL ATTACHMENT', 'ACCIA401', '1', 300, 80, '2022-07-04 08:17:24', '2022-07-04 08:17:24'),
(94, 'Apply occupational health and safety', 'CUAHS302', '3', 30, 70, '2022-07-04 10:40:29', '2022-07-04 10:50:23'),
(95, 'Practice of food hygiene and safety ', 'CUAFS3 02', '3', 30, 70, '2022-07-04 10:41:04', '2022-07-04 10:41:04'),
(96, 'Perform kitchen Mis en place ', 'CUAKP302', '3', 70, 70, '2022-07-04 10:41:37', '2022-07-04 10:49:50'),
(97, 'Cook vegetables and starches ', 'CUAVS302', '3', 40, 70, '2022-07-04 10:42:13', '2022-07-04 10:48:57'),
(98, 'Prepare salads and fruits ', 'CUASF302', '3', 40, 70, '2022-07-04 10:42:54', '2022-07-04 10:48:24'),
(99, 'Prepare sandwiches and eggs ', 'CUASE302', '3', 40, 70, '2022-07-04 10:43:31', '2022-07-04 10:47:51'),
(100, 'Prepare stocks, sauces and soups', 'CUASS3 02', '3', 60, 70, '2022-07-04 10:44:08', '2022-07-04 10:44:08'),
(101, 'Cook meat and poultry', 'CUAMP302 ', '3', 100, 70, '2022-07-04 10:45:01', '2022-12-20 06:50:24'),
(102, 'Prepare bread and pastry products', 'CUABP302', '3', 90, 70, '2022-07-04 10:45:42', '2022-07-04 10:45:42'),
(103, 'Introduce Hospitality and Tourism industry', 'GENHT302 ', '2', 30, 70, '2022-07-04 10:51:15', '2022-07-04 10:51:15'),
(104, 'Apply customer care Relations', 'GENCC302 ', '2', 30, 70, '2022-07-04 10:52:13', '2022-07-04 10:52:13'),
(105, 'Apply English for Hospitality and Tourism ', 'GENAE302 ', '2', 30, 70, '2022-07-04 10:52:53', '2022-07-04 10:52:53'),
(106, 'Apply Arithmetic and Descriptive', 'GENAM301 ', '2', 40, 70, '2022-07-04 10:53:40', '2022-07-04 10:53:40'),
(107, 'Demonstrate basic knowledge of General Biology Demonstrate B', 'GENAM302', '2', 40, 70, '2022-07-04 10:54:21', '2022-07-04 10:54:21'),
(108, 'Demonstrate Basics of Chemistry', 'GENAM302', '2', 30, 70, '2022-07-04 10:54:58', '2022-07-04 10:54:58'),
(109, 'Describe the occupation and learning process', 'CCMOL002', '1', 30, 70, '2022-07-04 10:55:48', '2022-07-04 10:55:48'),
(110, 'Maintain SHE at workplace ', 'CCMHE302', '1', 60, 50, '2022-07-04 10:56:22', '2022-12-20 08:04:34'),
(111, 'Apply computer literacy ', 'CCMCL302', '2', 60, 50, '2022-07-04 10:57:01', '2022-12-20 08:00:30'),
(112, 'Communicate effectively at workplace', 'CCMWC301 ', '1', 30, 70, '2022-07-04 10:57:36', '2022-07-04 10:57:36'),
(113, 'Communicate simply using English in familiar situations', 'CCMEN301', '1', 60, 50, '2022-07-04 10:58:13', '2022-12-20 08:04:11'),
(114, 'Gukoresha ikinyarwanda kiboneye ', 'CCMKN301 ', '1', 60, 50, '2022-07-04 10:58:46', '2022-12-20 08:06:19'),
(115, 'Patiquer les activits de communication dans le mtier ', 'CCMFT301', '1', 30, 70, '2022-07-04 10:59:18', '2022-07-04 10:59:18'),
(116, 'Create a business', 'CCMBC301', '1', 60, 30, '2022-07-04 11:04:23', '2022-12-19 12:26:53'),
(117, 'INTEGRATE THE WORKPLACE', 'CCMIA301', '1', 300, 70, '2022-07-04 11:05:03', '2022-07-04 11:05:03'),
(118, 'Behavior', 'BH301', '4', 100, 50, '2022-11-26 11:51:38', '2022-12-20 07:42:34'),
(119, 'Develop Website', 'SWDWD301', '3', 240, 50, '2022-12-19 07:46:56', '2022-12-20 08:01:09'),
(120, 'Apply JavaScript', 'SWDJF301', '3', 240, 50, '2022-12-19 07:47:52', '2022-12-20 07:41:34'),
(121, 'Apply Basic Graphic Design', 'GENGD301', '2', 200, 50, '2022-12-19 07:50:04', '2022-12-20 08:02:18'),
(122, 'Apply General Physics', 'GENGP301', '2', 100, 50, '2022-12-19 07:53:06', '2022-12-19 07:53:06'),
(123, 'Apply Algebra and Trigonometry', 'GENAM301', '2', 120, 50, '2022-12-19 07:54:31', '2022-12-20 08:02:55'),
(124, 'Create Business', 'CCMBC302', '1', 60, 50, '2022-12-19 07:55:34', '2022-12-20 08:03:16'),
(125, 'Communicate simply using English in familiar situation', 'CCMEN302', '1', 60, 50, '2022-12-19 07:57:35', '2022-12-20 07:44:16'),
(126, 'Describe the occupation and learning process', 'CCMOL302', '1', 60, 50, '2022-12-19 08:00:45', '2022-12-20 08:05:59'),
(127, 'Gukoresha Ikinyarwanda kiboneye', 'CCMKN302', '1', 60, 50, '2022-12-19 08:03:31', '2022-12-20 08:05:36'),
(128, 'Programming', 'SFDPF501', '3', 240, 120, '2022-12-19 08:48:29', '2022-12-19 08:48:29'),
(129, 'Develop database', 'SFDPF501', '3', 240, 120, '2022-12-19 08:53:29', '2022-12-19 08:53:29'),
(130, 'Deploy a web application', 'SFDPF501', '3', 120, 60, '2022-12-19 09:05:14', '2022-12-19 09:05:14'),
(131, 'Perform  system Analysis  design', 'SFDPF501', '3', 100, 50, '2022-12-19 10:26:38', '2022-12-19 10:26:38'),
(132, 'Apply Mathematics ', 'SFDPF501', '3', 160, 80, '2022-12-19 10:30:12', '2022-12-19 10:30:12'),
(133, 'Apply  Dynamics and  wawes', 'SFDPF501', '2', 160, 80, '2022-12-19 10:37:14', '2022-12-19 10:37:14'),
(134, 'Develop  a website ', 'SFDPF501', '3', 200, 100, '2022-12-19 10:40:31', '2022-12-19 10:40:31'),
(135, 'Maintain payroll system', 'ACCMP501', '3', 40, 50, '2022-12-19 10:47:12', '2022-12-19 10:47:12'),
(136, 'Create creditor\'s account', 'ACCCA501', '3', 40, 50, '2022-12-19 10:49:14', '2022-12-19 10:49:14'),
(137, 'Manage credit', 'ACCCM501', '3', 40, 50, '2022-12-19 10:51:15', '2022-12-19 10:51:15'),
(138, 'Prepare budget', 'ACCPB501', '3', 40, 50, '2022-12-19 10:52:38', '2022-12-19 10:52:38'),
(139, 'Gukoresha  ikinyarwanda ', 'SFDPF501', '1', 60, 30, '2022-12-19 10:55:04', '2022-12-19 10:55:04'),
(140, 'Apply principles of budgeting', 'ACCBP501', '3', 40, 50, '2022-12-19 10:55:31', '2022-12-19 10:55:31'),
(141, 'Maintain professional conversation in English', 'CCMUE501', '1', 30, 50, '2022-12-19 10:57:29', '2022-12-19 10:57:29'),
(142, 'Gukoresha ikinyarwanda cy\' intyoza', 'CCMKN501', '1', 30, 50, '2022-12-19 10:58:46', '2022-12-19 10:58:46'),
(143, 'Co-curricula activities', 'CCMCOA501', '1', 60, 50, '2022-12-19 11:02:37', '2022-12-19 11:02:37'),
(144, 'Maintaining petty cash records', 'ACCPCR401', '3', 30, 50, '2022-12-19 11:20:44', '2022-12-19 11:20:44'),
(145, 'Maintain the journal', 'ACCMJ401', '3', 30, 50, '2022-12-19 11:22:15', '2022-12-19 11:22:15'),
(146, 'Maintain records and financial documents', 'ACCFD401', '3', 30, 50, '2022-12-19 11:25:05', '2022-12-19 11:25:05'),
(147, 'Monitor inventory system', 'ACCIS401', '3', 40, 50, '2022-12-19 11:26:28', '2022-12-19 11:26:28'),
(148, 'Process transactions into the books of prime entry', 'ACCBA401', '3', 60, 50, '2022-12-19 11:29:48', '2022-12-19 11:29:48'),
(149, 'Provide basic costs and revenues information', 'ACCCR401', '2', 30, 50, '2022-12-19 11:32:05', '2022-12-19 11:32:05'),
(150, 'Apply basic principles of costing', 'ACCPC401', '2', 30, 50, '2022-12-19 11:33:03', '2022-12-19 11:33:03'),
(151, 'Apply matrix and algebraic functions ', 'GENAM401', '2', 80, 50, '2022-12-19 11:34:21', '2022-12-19 11:34:21'),
(152, 'Use intermediate English at workplace', 'CCMEN401', '2', 30, 50, '2022-12-19 11:37:17', '2022-12-19 11:37:17'),
(153, 'Algorithm Fundamentals', 'SFDAF401', '3', 200, 100, '2022-12-19 11:38:25', '2022-12-19 11:38:25'),
(154, 'Appliquer les elements de la langue', 'CCMFT401', '2', 30, 50, '2022-12-19 11:38:31', '2022-12-19 11:38:31'),
(155, 'Gukoresha ikinyarwanda cy\'umunyamwuga', 'CCMKN401', '2', 30, 50, '2022-12-19 11:39:39', '2022-12-19 11:39:39'),
(156, 'Programming  Fundamentals', 'SFDPF401', '3', 240, 120, '2022-12-19 11:40:02', '2022-12-19 11:40:02'),
(157, 'Co-curricula activities', 'CCMCOA401', '2', 30, 50, '2022-12-19 11:40:54', '2022-12-19 11:40:54'),
(158, 'Develop a basic   database design', 'SFDDD401', '3', 180, 90, '2022-12-19 11:44:07', '2022-12-19 11:44:07'),
(159, 'Develop  a website ', 'SFDWD401', '3', 200, 100, '2022-12-19 11:50:55', '2022-12-19 11:50:55'),
(160, 'Apply Fundamental mathematics', 'GENAM401', '2', 160, 80, '2022-12-19 11:57:27', '2022-12-19 11:57:27'),
(161, 'Apply  Mechanical and Matter', 'PHYMP401', '2', 80, 40, '2022-12-19 12:03:13', '2022-12-19 12:03:13'),
(162, 'use intermediate  English  at workplace', 'CCMEN401', '1', 60, 30, '2022-12-19 12:08:25', '2022-12-19 12:08:25'),
(163, 'Gukoresha  ikinyarwanda', 'CCMKN401', '1', 60, 30, '2022-12-19 12:09:37', '2022-12-19 12:09:37'),
(164, 'Develop  business  plan', 'CCMDB401', '1', 60, 30, '2022-12-19 12:11:11', '2022-12-19 12:11:11'),
(165, 'Computer Skills', 'CCMCS401', '1', 60, 30, '2022-12-20 06:48:18', '2022-12-20 06:48:18'),
(166, 'Implement SHE Policies and procedures', 'CCM401', '1', 60, 30, '2022-12-20 06:49:17', '2022-12-20 06:49:17');

-- --------------------------------------------------------

--
-- Table structure for table `tbl_reassessment_result`
--

CREATE TABLE `tbl_reassessment_result` (
  `id` int(11) NOT NULL,
  `StudentId` int(11) DEFAULT NULL,
  `academicYear` int(11) NOT NULL,
  `ClassId` int(11) DEFAULT NULL,
  `term` int(11) DEFAULT NULL,
  `type` int(11) DEFAULT NULL,
  `SubjectId` int(11) DEFAULT NULL,
  `marks` varchar(3) DEFAULT '-',
  `PostingDate` timestamp NULL DEFAULT CURRENT_TIMESTAMP,
  `UpdationDate` timestamp NULL DEFAULT CURRENT_TIMESTAMP ON UPDATE CURRENT_TIMESTAMP
) ENGINE=InnoDB DEFAULT CHARSET=latin1;

--
-- Indexes for dumped tables
--

--
-- Indexes for table `admin`
--
ALTER TABLE `admin`
  ADD PRIMARY KEY (`id`);

--
-- Indexes for table `message`
--
ALTER TABLE `message`
  ADD PRIMARY KEY (`id`);

--
-- Indexes for table `tblbehavior`
--
ALTER TABLE `tblbehavior`
  ADD PRIMARY KEY (`id`);

--
-- Indexes for table `tblclasses`
--
ALTER TABLE `tblclasses`
  ADD PRIMARY KEY (`id`);

--
-- Indexes for table `tblresult`
--
ALTER TABLE `tblresult`
  ADD PRIMARY KEY (`id`),
  ADD KEY `StudentId` (`StudentId`);

--
-- Indexes for table `tblstudents`
--
ALTER TABLE `tblstudents`
  ADD PRIMARY KEY (`StudentId`);

--
-- Indexes for table `tblsubjectcombination`
--
ALTER TABLE `tblsubjectcombination`
  ADD PRIMARY KEY (`id`);

--
-- Indexes for table `tblsubjects`
--
ALTER TABLE `tblsubjects`
  ADD PRIMARY KEY (`id`);

--
-- Indexes for table `tbl_reassessment_result`
--
ALTER TABLE `tbl_reassessment_result`
  ADD PRIMARY KEY (`id`),
  ADD KEY `StudentId` (`StudentId`);

--
-- AUTO_INCREMENT for dumped tables
--

--
-- AUTO_INCREMENT for table `admin`
--
ALTER TABLE `admin`
  MODIFY `id` int(11) NOT NULL AUTO_INCREMENT, AUTO_INCREMENT=27;

--
-- AUTO_INCREMENT for table `message`
--
ALTER TABLE `message`
  MODIFY `id` int(11) NOT NULL AUTO_INCREMENT, AUTO_INCREMENT=138;

--
-- AUTO_INCREMENT for table `tblbehavior`
--
ALTER TABLE `tblbehavior`
  MODIFY `id` int(255) NOT NULL AUTO_INCREMENT, AUTO_INCREMENT=143;

--
-- AUTO_INCREMENT for table `tblclasses`
--
ALTER TABLE `tblclasses`
  MODIFY `id` int(11) NOT NULL AUTO_INCREMENT, AUTO_INCREMENT=36;

--
-- AUTO_INCREMENT for table `tblresult`
--
ALTER TABLE `tblresult`
  MODIFY `id` int(11) NOT NULL AUTO_INCREMENT, AUTO_INCREMENT=4796;

--
-- AUTO_INCREMENT for table `tblstudents`
--
ALTER TABLE `tblstudents`
  MODIFY `StudentId` int(11) NOT NULL AUTO_INCREMENT, AUTO_INCREMENT=380;

--
-- AUTO_INCREMENT for table `tblsubjectcombination`
--
ALTER TABLE `tblsubjectcombination`
  MODIFY `id` int(11) NOT NULL AUTO_INCREMENT, AUTO_INCREMENT=234;

--
-- AUTO_INCREMENT for table `tblsubjects`
--
ALTER TABLE `tblsubjects`
  MODIFY `id` int(11) NOT NULL AUTO_INCREMENT, AUTO_INCREMENT=167;

--
-- AUTO_INCREMENT for table `tbl_reassessment_result`
--
ALTER TABLE `tbl_reassessment_result`
  MODIFY `id` int(11) NOT NULL AUTO_INCREMENT, AUTO_INCREMENT=23;

--
-- Constraints for dumped tables
--

--
-- Constraints for table `tbl_reassessment_result`
--
ALTER TABLE `tbl_reassessment_result`
  ADD CONSTRAINT `tbl_reassessment_result_ibfk_1` FOREIGN KEY (`StudentId`) REFERENCES `tblstudents` (`StudentId`);
COMMIT;

/*!40101 SET CHARACTER_SET_CLIENT=@OLD_CHARACTER_SET_CLIENT */;
/*!40101 SET CHARACTER_SET_RESULTS=@OLD_CHARACTER_SET_RESULTS */;
/*!40101 SET COLLATION_CONNECTION=@OLD_COLLATION_CONNECTION */;
